,ds,trend,yhat_lower,yhat_upper,trend_lower,trend_upper,additive_terms,additive_terms_lower,additive_terms_upper,weekly,weekly_lower,weekly_upper,multiplicative_terms,multiplicative_terms_lower,multiplicative_terms_upper,yhat
0,2021-12-27,-0.0673163865697066,-0.6701625038841262,0.5730384813209202,-0.0673163865697066,-0.0673163865697066,0.04035988639715762,0.04035988639715762,0.04035988639715762,0.04035988639715762,0.04035988639715762,0.04035988639715762,0.0,0.0,0.0,-0.026956500172548976
1,2021-12-28,-0.0718011454290277,-0.6343258968082879,0.5763998019388492,-0.0718011454290277,-0.0718011454290277,-0.018495463997593754,-0.018495463997593754,-0.018495463997593754,-0.018495463997593754,-0.018495463997593754,-0.018495463997593754,0.0,0.0,0.0,-0.09029660942662146
2,2021-12-29,-0.07628590428834879,-0.6736594322466577,0.4918154899746401,-0.07628590428834879,-0.07628590428834879,0.003958967381804899,0.003958967381804899,0.003958967381804899,0.003958967381804899,0.003958967381804899,0.003958967381804899,0.0,0.0,0.0,-0.07232693690654389
3,2021-12-30,-0.08077066314766988,-0.7212712468397272,0.5275745982971461,-0.08077066314766988,-0.08077066314766988,-0.030911492048592795,-0.030911492048592795,-0.030911492048592795,-0.030911492048592795,-0.030911492048592795,-0.030911492048592795,0.0,0.0,0.0,-0.11168215519626268
4,2021-12-31,-0.08525542200699099,-0.73915504347079,0.47188513271688504,-0.08525542200699099,-0.08525542200699099,-0.023438835113216767,-0.023438835113216767,-0.023438835113216767,-0.023438835113216767,-0.023438835113216767,-0.023438835113216767,0.0,0.0,0.0,-0.10869425712020775
5,2022-01-04,-0.10319445744427537,-0.7141879486217337,0.45777337321151057,-0.10319445744427537,-0.10319445744427537,-0.01849546399759724,-0.01849546399759724,-0.01849546399759724,-0.01849546399759724,-0.01849546399759724,-0.01849546399759724,0.0,0.0,0.0,-0.12168992144187261
6,2022-01-05,-0.10767921630359648,-0.697688734111691,0.5232124908966297,-0.10767921630359648,-0.10767921630359648,0.003958967381868643,0.003958967381868643,0.003958967381868643,0.003958967381868643,0.003958967381868643,0.003958967381868643,0.0,0.0,0.0,-0.10372024892172783
7,2022-01-06,-0.11216397516291758,-0.7318831852111769,0.4431697308836238,-0.11216397516291758,-0.11216397516291758,-0.030911492048570906,-0.030911492048570906,-0.030911492048570906,-0.030911492048570906,-0.030911492048570906,-0.030911492048570906,0.0,0.0,0.0,-0.14307546721148848
8,2022-01-07,-0.11664873404139126,-0.7757052428423338,0.429219411777482,-0.11664873404139126,-0.11664873404139126,-0.02343883511309515,-0.02343883511309515,-0.02343883511309515,-0.02343883511309515,-0.02343883511309515,-0.02343883511309515,0.0,0.0,0.0,-0.1400875691544864
9,2022-01-10,-0.13010301067681238,-0.6662032574440787,0.5356590015092719,-0.13010301067681238,-0.13010301067681238,0.040359886397196766,0.040359886397196766,0.040359886397196766,0.040359886397196766,0.040359886397196766,0.040359886397196766,0.0,0.0,0.0,-0.08974312427961562
10,2022-01-11,-0.13458776955528606,-0.775973878478029,0.47677989055407277,-0.13458776955528606,-0.13458776955528606,-0.01849546399763655,-0.01849546399763655,-0.01849546399763655,-0.01849546399763655,-0.01849546399763655,-0.01849546399763655,0.0,0.0,0.0,-0.1530832335529226
11,2022-01-12,-0.13907252843375978,-0.7207218260777959,0.48345313071808466,-0.13907252843375978,-0.13907252843375978,0.0039589673817474035,0.0039589673817474035,0.0039589673817474035,0.0039589673817474035,0.0039589673817474035,0.0039589673817474035,0.0,0.0,0.0,-0.1351135610520124
12,2022-01-13,-0.14355728731223347,-0.7976318191216077,0.4291343277918782,-0.14355728731223347,-0.14355728731223347,-0.030911492048549014,-0.030911492048549014,-0.030911492048549014,-0.030911492048549014,-0.030911492048549014,-0.030911492048549014,0.0,0.0,0.0,-0.17446877936078248
13,2022-01-14,-0.14804204619070718,-0.7759134068144711,0.42854797611189693,-0.14804204619070718,-0.14804204619070718,-0.023438835113320403,-0.023438835113320403,-0.023438835113320403,-0.023438835113320403,-0.023438835113320403,-0.023438835113320403,0.0,0.0,0.0,-0.17148088130402758
14,2022-01-17,-0.16149632282612827,-0.7443152904976005,0.4680458006549595,-0.16149632282612827,-0.16149632282612827,0.04035988639718763,0.04035988639718763,0.04035988639718763,0.04035988639718763,0.04035988639718763,0.04035988639718763,0.0,0.0,0.0,-0.12113643642894065
15,2022-01-18,-0.16598108169986706,-0.7771481728293559,0.4596977091083201,-0.16598108169986706,-0.16598108169986706,-0.018495463997675855,-0.018495463997675855,-0.018495463997675855,-0.018495463997675855,-0.018495463997675855,-0.018495463997675855,0.0,0.0,0.0,-0.1844765456975429
16,2022-01-19,-0.17046584057360586,-0.8142558647126112,0.4344794493973928,-0.17046584057360586,-0.17046584057360586,0.003958967381853513,0.003958967381853513,0.003958967381853513,0.003958967381853513,0.003958967381853513,0.003958967381853513,0.0,0.0,0.0,-0.16650687319175236
17,2022-01-20,-0.17495059944734465,-0.835328426853662,0.4020821818190132,-0.17495059944734465,-0.17495059944734465,-0.030911492048527132,-0.030911492048527132,-0.030911492048527132,-0.030911492048527132,-0.030911492048527132,-0.030911492048527132,0.0,0.0,0.0,-0.20586209149587179
18,2022-01-21,-0.17943535832108345,-0.8280654457427084,0.4562487428599325,-0.17943535832108345,-0.17943535832108345,-0.023438835113198785,-0.023438835113198785,-0.023438835113198785,-0.023438835113198785,-0.023438835113198785,-0.023438835113198785,0.0,0.0,0.0,-0.20287419343428223
19,2022-01-24,-0.19288963494229983,-0.7548150104789054,0.48404367375975443,-0.19288963494229983,-0.19288963494229983,0.04035988639729182,0.04035988639729182,0.04035988639729182,0.04035988639729182,0.04035988639729182,0.04035988639729182,0.0,0.0,0.0,-0.152529748545008
20,2022-01-25,-0.1973743938160386,-0.8243402738167792,0.40169507948463007,-0.1973743938160386,-0.1973743938160386,-0.018495463997643524,-0.018495463997643524,-0.018495463997643524,-0.018495463997643524,-0.018495463997643524,-0.018495463997643524,0.0,0.0,0.0,-0.21586985781368212
21,2022-01-26,-0.20185915268977744,-0.7791437281105043,0.37833618657102397,-0.20185915268977744,-0.20185915268977744,0.003958967381824764,0.003958967381824764,0.003958967381824764,0.003958967381824764,0.003958967381824764,0.003958967381824764,0.0,0.0,0.0,-0.19790018530795267
22,2022-01-27,-0.20634391156387155,-0.8538345878846895,0.39710330380807335,-0.20634391156387155,-0.20634391156387155,-0.03091149204863609,-0.03091149204863609,-0.03091149204863609,-0.03091149204863609,-0.03091149204863609,-0.03091149204863609,0.0,0.0,0.0,-0.23725540361250763
23,2022-01-28,-0.21082867043796572,-0.8394628793041198,0.40007874894524015,-0.21082867043796572,-0.21082867043796572,-0.023438835113220455,-0.023438835113220455,-0.023438835113220455,-0.023438835113220455,-0.023438835113220455,-0.023438835113220455,0.0,0.0,0.0,-0.23426750555118617
24,2022-02-07,-0.2556762591789071,-0.8380228940790623,0.4215014399750632,-0.2556762591789071,-0.2556762591789071,0.040359886397245595,0.040359886397245595,0.040359886397245595,0.040359886397245595,0.040359886397245595,0.040359886397245595,0.0,0.0,0.0,-0.2153163727816615
25,2022-02-08,-0.26016101805300124,-0.8553508842147234,0.3438641717043352,-0.26016101805300124,-0.26016101805300124,-0.018495463997686316,-0.018495463997686316,-0.018495463997686316,-0.018495463997686316,-0.018495463997686316,-0.018495463997686316,0.0,0.0,0.0,-0.27865648205068755
26,2022-02-09,-0.26464577692709534,-0.8824769033087455,0.3299428867852623,-0.26464577692709534,-0.26464577692709534,0.003958967381952254,0.003958967381952254,0.003958967381952254,0.003958967381952254,0.003958967381952254,0.003958967381952254,0.0,0.0,0.0,-0.2606868095451431
27,2022-02-10,-0.26913053580118956,-0.9310542051219414,0.29189284218282413,-0.26913053580118956,-0.26913053580118956,-0.030911492048548813,-0.030911492048548813,-0.030911492048548813,-0.030911492048548813,-0.030911492048548813,-0.030911492048548813,0.0,0.0,0.0,-0.3000420278497384
28,2022-02-11,-0.27361529467528367,-0.9188628089095356,0.34876738618561953,-0.27361529467528367,-0.27361529467528367,-0.02343883511332409,-0.02343883511332409,-0.02343883511332409,-0.02343883511332409,-0.02343883511332409,-0.02343883511332409,0.0,0.0,0.0,-0.2970541297886078
29,2022-02-14,-0.2870695713244464,-0.9414484566706649,0.3344986280244943,-0.2870695713244464,-0.2870695713244464,0.04035988639723645,0.04035988639723645,0.04035988639723645,0.04035988639723645,0.04035988639723645,0.04035988639723645,0.0,0.0,0.0,-0.24670968492720993
30,2022-02-15,-0.2915543302075006,-0.9086995127992691,0.31576912835257,-0.2915543302075006,-0.2915543302075006,-0.01849546399762569,-0.01849546399762569,-0.01849546399762569,-0.01849546399762569,-0.01849546399762569,-0.01849546399762569,0.0,0.0,0.0,-0.3100497942051263
31,2022-02-16,-0.2960390890905549,-0.8741607706506219,0.30403295113744877,-0.2960390890905549,-0.2960390890905549,0.003958967381831018,0.003958967381831018,0.003958967381831018,0.003958967381831018,0.003958967381831018,0.003958967381831018,0.0,0.0,0.0,-0.2920801217087239
32,2022-02-17,-0.30052384797360915,-0.9585539349372735,0.29596125784050165,-0.30052384797360915,-0.30052384797360915,-0.030911492048396084,-0.030911492048396084,-0.030911492048396084,-0.030911492048396084,-0.030911492048396084,-0.030911492048396084,0.0,0.0,0.0,-0.33143534002200525
33,2022-02-18,-0.30500860685666337,-0.9035562233055195,0.3180492638126317,-0.30500860685666337,-0.30500860685666337,-0.023438835113202477,-0.023438835113202477,-0.023438835113202477,-0.023438835113202477,-0.023438835113202477,-0.023438835113202477,0.0,0.0,0.0,-0.32844744196986586
34,2022-02-21,-0.31846288350582613,-0.8780613666609108,0.3497800359830108,-0.31846288350582613,-0.31846288350582613,0.04035988639719936,0.04035988639719936,0.04035988639719936,0.04035988639719936,0.04035988639719936,0.04035988639719936,0.0,0.0,0.0,-0.2781029971086268
35,2022-02-22,-0.3229476423888804,-0.9130523847604802,0.2797361710783685,-0.3229476423888804,-0.3229476423888804,-0.018495463997629177,-0.018495463997629177,-0.018495463997629177,-0.018495463997629177,-0.018495463997629177,-0.018495463997629177,0.0,0.0,0.0,-0.3414431063865096
36,2022-02-23,-0.3274324012719346,-0.9366795456193449,0.2712016091377884,-0.3274324012719346,-0.3274324012719346,0.003958967381894766,0.003958967381894766,0.003958967381894766,0.003958967381894766,0.003958967381894766,0.003958967381894766,0.0,0.0,0.0,-0.32347343389003985
37,2022-02-24,-0.33191716015225836,-0.9938420331598999,0.3047713419260549,-0.33191716015225836,-0.33191716015225836,-0.030911492048505042,-0.030911492048505042,-0.030911492048505042,-0.030911492048505042,-0.030911492048505042,-0.030911492048505042,0.0,0.0,0.0,-0.3628286522007634
38,2022-02-25,-0.3364019190325821,-1.009498242742156,0.2382894330267601,-0.3364019190325821,-0.3364019190325821,-0.02343883511322414,-0.02343883511322414,-0.02343883511322414,-0.02343883511322414,-0.02343883511322414,-0.02343883511322414,0.0,0.0,0.0,-0.35984075414580624
39,2022-02-28,-0.34985619567355336,-0.8840105798257608,0.2924349673918444,-0.34985619567355336,-0.34985619567355336,0.04035988639721815,0.04035988639721815,0.04035988639721815,0.04035988639721815,0.04035988639721815,0.04035988639721815,0.0,0.0,0.0,-0.3094963092763352
40,2022-03-01,-0.35434095455387704,-0.9831473893281332,0.20683868709881298,-0.35434095455387704,-0.35434095455387704,-0.01849546399766849,-0.01849546399766849,-0.01849546399766849,-0.01849546399766849,-0.01849546399766849,-0.01849546399766849,0.0,0.0,0.0,-0.37283641855154553
41,2022-03-02,-0.3588257134342009,-0.9723102433441804,0.250973026221507,-0.3588257134342009,-0.3588257134342009,0.003958967381866019,0.003958967381866019,0.003958967381866019,0.003958967381866019,0.003958967381866019,0.003958967381866019,0.0,0.0,0.0,-0.35486674605233487
42,2022-03-03,-0.36331047231452457,-0.9724516695790293,0.22948191822118955,-0.36331047231452457,-0.36331047231452457,-0.030911492048439654,-0.030911492048439654,-0.030911492048439654,-0.030911492048439654,-0.030911492048439654,-0.030911492048439654,0.0,0.0,0.0,-0.3942219643629642
43,2022-03-04,-0.36779523119484836,-1.0257057212609104,0.22579626689674742,-0.36779523119484836,-0.36779523119484836,-0.02343883511310253,-0.02343883511310253,-0.02343883511310253,-0.02343883511310253,-0.02343883511310253,-0.02343883511310253,0.0,0.0,0.0,-0.3912340663079509
44,2022-03-07,-0.3812495078499873,-0.9359164102146732,0.3010019043534276,-0.3812495078499873,-0.3812495078499873,0.04035988639718108,0.04035988639718108,0.04035988639718108,0.04035988639718108,0.04035988639718108,0.04035988639718108,0.0,0.0,0.0,-0.3408896214528062
45,2022-03-08,-0.3857342667350335,-1.0321345539790627,0.23398774744904025,-0.3857342667350335,-0.3857342667350335,-0.01849546399767197,-0.01849546399767197,-0.01849546399767197,-0.01849546399767197,-0.01849546399767197,-0.01849546399767197,0.0,0.0,0.0,-0.4042297307327055
46,2022-03-09,-0.39021902562007993,-1.0194800988075707,0.23049900662548822,-0.39021902562007993,-0.39021902562007993,0.003958967381879633,0.003958967381879633,0.003958967381879633,0.003958967381879633,0.003958967381879633,0.003958967381879633,0.0,0.0,0.0,-0.3862600582382003
47,2022-03-10,-0.39470378450512617,-1.0035084025835999,0.19038633338582414,-0.39470378450512617,-0.39470378450512617,-0.03091149204841777,-0.03091149204841777,-0.03091149204841777,-0.03091149204841777,-0.03091149204841777,-0.03091149204841777,0.0,0.0,0.0,-0.4256152765535439
48,2022-03-11,-0.39918854339017257,-0.997838623871464,0.17815425680791172,-0.39918854339017257,-0.39918854339017257,-0.023438835113267484,-0.023438835113267484,-0.023438835113267484,-0.023438835113267484,-0.023438835113267484,-0.023438835113267484,0.0,0.0,0.0,-0.42262737850344007
49,2022-03-14,-0.41264282004531144,-0.9360468460249133,0.21321744962740094,-0.41264282004531144,-0.41264282004531144,0.04035988639725733,0.04035988639725733,0.04035988639725733,0.04035988639725733,0.04035988639725733,0.04035988639725733,0.0,0.0,0.0,-0.3722829336480541
50,2022-03-15,-0.41712757893035773,-1.073005273224462,0.21007894811646138,-0.41712757893035773,-0.41712757893035773,-0.018495463997711282,-0.018495463997711282,-0.018495463997711282,-0.018495463997711282,-0.018495463997711282,-0.018495463997711282,0.0,0.0,0.0,-0.435623042928069
51,2022-03-16,-0.42161233781989454,-1.0022516044289667,0.19921357886397212,-0.42161233781989454,-0.42161233781989454,0.003958967381850885,0.003958967381850885,0.003958967381850885,0.003958967381850885,0.003958967381850885,0.003958967381850885,0.0,0.0,0.0,-0.4176533704380437
52,2022-03-17,-0.4260970967094314,-1.0822170480847777,0.12780618391548293,-0.4260970967094314,-0.4260970967094314,-0.030911492048395876,-0.030911492048395876,-0.030911492048395876,-0.030911492048395876,-0.030911492048395876,-0.030911492048395876,0.0,0.0,0.0,-0.4570085887578273
53,2022-03-18,-0.4305818555989682,-1.0794725940671204,0.1702230808381705,-0.4305818555989682,-0.4305818555989682,-0.023438835113145862,-0.023438835113145862,-0.023438835113145862,-0.023438835113145862,-0.023438835113145862,-0.023438835113145862,0.0,0.0,0.0,-0.4540206907121141
54,2022-03-21,-0.4440361322675787,-0.9891013850151777,0.22946846553056452,-0.4440361322675787,-0.4440361322675787,0.04035988639724818,0.04035988639724818,0.04035988639724818,0.04035988639724818,0.04035988639724818,0.04035988639724818,0.0,0.0,0.0,-0.4036762458703305
55,2022-03-22,-0.4485208911571155,-1.098473441755255,0.09478603892824555,-0.4485208911571155,-0.4485208911571155,-0.018495463997678947,-0.018495463997678947,-0.018495463997678947,-0.018495463997678947,-0.018495463997678947,-0.018495463997678947,0.0,0.0,0.0,-0.46701635515479445
56,2022-03-23,-0.4530056500466524,-1.0943519736552598,0.1291494387046652,-0.4530056500466524,-0.4530056500466524,0.00395896738182214,0.00395896738182214,0.00395896738182214,0.00395896738182214,0.00395896738182214,0.00395896738182214,0.0,0.0,0.0,-0.4490466826648302
57,2022-03-24,-0.45749040893618914,-1.0874576857982807,0.18989332221547184,-0.45749040893618914,-0.45749040893618914,-0.03091149204850484,-0.03091149204850484,-0.03091149204850484,-0.03091149204850484,-0.03091149204850484,-0.03091149204850484,0.0,0.0,0.0,-0.488401900984694
58,2022-03-25,-0.4619751671170384,-1.1450089960220078,0.12921535832241438,-0.4619751671170384,-0.4619751671170384,-0.02343883511322783,-0.02343883511322783,-0.02343883511322783,-0.02343883511322783,-0.02343883511322783,-0.02343883511322783,0.0,0.0,0.0,-0.4854140022302662
59,2022-03-28,-0.4754294416595861,-1.0775722647715886,0.19314904265710692,-0.4754294416595861,-0.4754294416595861,0.04035988639723904,0.04035988639723904,0.04035988639723904,0.04035988639723904,0.04035988639723904,0.04035988639723904,0.0,0.0,0.0,-0.4350695552623471
60,2022-03-29,-0.4799141998404353,-1.1135823352063674,0.09693634964911163,-0.4799141998404353,-0.4799141998404353,-0.018495463997718252,-0.018495463997718252,-0.018495463997718252,-0.018495463997718252,-0.018495463997718252,-0.018495463997718252,0.0,0.0,0.0,-0.49840966383815355
61,2022-03-30,-0.4843989580212846,-1.069384444211655,0.13276504737414313,-0.4843989580212846,-0.4843989580212846,0.00395896738183575,0.00395896738183575,0.00395896738183575,0.00395896738183575,0.00395896738183575,0.00395896738183575,0.0,0.0,0.0,-0.4804399906394488
62,2022-03-31,-0.4888837162021337,-1.1609248284915712,0.08801130949524877,-0.4888837162021337,-0.4888837162021337,-0.030911492048613796,-0.030911492048613796,-0.030911492048613796,-0.030911492048613796,-0.030911492048613796,-0.030911492048613796,0.0,0.0,0.0,-0.5197952082507475
63,2022-04-01,-0.493368474382983,-1.1390697087555637,0.09716998870019042,-0.493368474382983,-0.493368474382983,-0.023438835113249498,-0.023438835113249498,-0.023438835113249498,-0.023438835113249498,-0.023438835113249498,-0.023438835113249498,0.0,0.0,0.0,-0.5168073094962324
64,2022-04-06,-0.5157922652872292,-1.0943471586315232,0.13559226649206926,-0.5157922652872292,-0.5157922652872292,0.0039589673818995,0.0039589673818995,0.0039589673818995,0.0039589673818995,0.0039589673818995,0.0039589673818995,0.0,0.0,0.0,-0.5118332979053297
65,2022-04-07,-0.5200178643221679,-1.1695660721400207,0.07455266795586428,-0.5200178643221679,-0.5200178643221679,-0.030911492048591907,-0.030911492048591907,-0.030911492048591907,-0.030911492048591907,-0.030911492048591907,-0.030911492048591907,0.0,0.0,0.0,-0.5509293563707598
66,2022-04-08,-0.5242434633571065,-1.1419273788240194,0.01545979812962619,-0.5242434633571065,-0.5242434633571065,-0.02343883511327117,-0.02343883511327117,-0.02343883511327117,-0.02343883511327117,-0.02343883511327117,-0.02343883511327117,0.0,0.0,0.0,-0.5476822984703776
67,2022-04-11,-0.5369202604619224,-1.0905096972031738,0.10536285749195,-0.5369202604619224,-0.5369202604619224,0.040359886397164854,0.040359886397164854,0.040359886397164854,0.040359886397164854,0.040359886397164854,0.040359886397164854,0.0,0.0,0.0,-0.49656037406475756
68,2022-04-12,-0.5411458594968611,-1.1790739302347766,0.09208234460792251,-0.5411458594968611,-0.5411458594968611,-0.018495463997661117,-0.018495463997661117,-0.018495463997661117,-0.018495463997661117,-0.018495463997661117,-0.018495463997661117,0.0,0.0,0.0,-0.5596413234945222
69,2022-04-13,-0.5453714585317998,-1.1452067705300422,0.05223311738759285,-0.5453714585317998,-0.5453714585317998,0.003958967381778257,0.003958967381778257,0.003958967381778257,0.003958967381778257,0.003958967381778257,0.003958967381778257,0.0,0.0,0.0,-0.5414124911500215
70,2022-04-14,-0.5495970575667385,-1.1607917157487755,0.0023608284462161623,-0.5495970575667385,-0.5495970575667385,-0.030911492048570022,-0.030911492048570022,-0.030911492048570022,-0.030911492048570022,-0.030911492048570022,-0.030911492048570022,0.0,0.0,0.0,-0.5805085496153085
71,2022-04-15,-0.553822656601677,-1.1705019503587752,0.02231251131572761,-0.553822656601677,-0.553822656601677,-0.02343883511314955,-0.02343883511314955,-0.02343883511314955,-0.02343883511314955,-0.02343883511314955,-0.02343883511314955,0.0,0.0,0.0,-0.5772614917148265
72,2022-04-18,-0.5656015493845579,-1.1320526489578386,0.09144924009496581,-0.5656015493845579,-0.5656015493845579,0.04035988639715571,0.04035988639715571,0.04035988639715571,0.04035988639715571,0.04035988639715571,0.04035988639715571,0.0,0.0,0.0,-0.5252416629874022
73,2022-04-19,-0.5695278469788515,-1.18958057522958,0.04986291223526692,-0.5695278469788515,-0.5695278469788515,-0.0184954639976646,-0.0184954639976646,-0.0184954639976646,-0.0184954639976646,-0.0184954639976646,-0.0184954639976646,0.0,0.0,0.0,-0.5880233109765161
74,2022-04-20,-0.5734541445731451,-1.1683071216292347,0.058789490719831604,-0.5734541445731451,-0.5734541445731451,0.003958967381842004,0.003958967381842004,0.003958967381842004,0.003958967381842004,0.003958967381842004,0.003958967381842004,0.0,0.0,0.0,-0.5694951771913032
75,2022-04-21,-0.5773804421674387,-1.2373089558613006,0.00730828237203782,-0.5773804421674387,-0.5773804421674387,-0.030911492048504633,-0.030911492048504633,-0.030911492048504633,-0.030911492048504633,-0.030911492048504633,-0.030911492048504633,0.0,0.0,0.0,-0.6082919342159433
76,2022-04-22,-0.5813067397617322,-1.2056486205102486,-0.03726260699525152,-0.5813067397617322,-0.5813067397617322,-0.0234388351133748,-0.0234388351133748,-0.0234388351133748,-0.0234388351133748,-0.0234388351133748,-0.0234388351133748,0.0,0.0,0.0,-0.6047455748751069
77,2022-04-25,-0.5930856325446131,-1.19644812275818,-0.0003612131153200173,-0.5930856325446131,-0.5930856325446131,0.04035988639714657,0.04035988639714657,0.04035988639714657,0.04035988639714657,0.04035988639714657,0.04035988639714657,0.0,0.0,0.0,-0.5527257461474665
78,2022-04-26,-0.5970119301389066,-1.2057406900793466,0.026007789035240092,-0.5970119301389066,-0.5970119301389066,-0.018495463997603975,-0.018495463997603975,-0.018495463997603975,-0.018495463997603975,-0.018495463997603975,-0.018495463997603975,0.0,0.0,0.0,-0.6155073941365106
79,2022-04-27,-0.6003710845251437,-1.2342713176181752,0.01698542309228586,-0.6003710845251437,-0.6003710845251437,0.003958967381813258,0.003958967381813258,0.003958967381813258,0.003958967381813258,0.003958967381813258,0.003958967381813258,0.0,0.0,0.0,-0.5964121171433304
80,2022-04-28,-0.6037302389113806,-1.269093892420177,-0.04201157562626482,-0.6037302389113806,-0.6037302389113806,-0.030911492048613595,-0.030911492048613595,-0.030911492048613595,-0.030911492048613595,-0.030911492048613595,-0.030911492048613595,0.0,0.0,0.0,-0.6346417309599941
81,2022-04-29,-0.6070893932976176,-1.227512543369232,-0.07508608339752602,-0.6070893932976176,-0.6070893932976176,-0.02343883511325319,-0.02343883511325319,-0.02343883511325319,-0.02343883511325319,-0.02343883511325319,-0.02343883511325319,0.0,0.0,0.0,-0.6305282284108708
82,2022-05-05,-0.6272443196150392,-1.2585147212191923,-0.06323435792668249,-0.6272443196150392,-0.6272443196150392,-0.03091149204846086,-0.03091149204846086,-0.03091149204846086,-0.03091149204846086,-0.03091149204846086,-0.03091149204846086,0.0,0.0,0.0,-0.6581558116635001
83,2022-05-06,-0.6306034740012763,-1.3248349609535428,-0.04484151289341418,-0.6306034740012763,-0.6306034740012763,-0.023438835113418138,-0.023438835113418138,-0.023438835113418138,-0.023438835113418138,-0.023438835113418138,-0.023438835113418138,0.0,0.0,0.0,-0.6540423091146944
84,2022-05-09,-0.6406809371599871,-1.1864094598311918,0.03138710328312955,-0.6406809371599871,-0.6406809371599871,0.040359886397213676,0.040359886397213676,0.040359886397213676,0.040359886397213676,0.040359886397213676,0.040359886397213676,0.0,0.0,0.0,-0.6003210507627734
85,2022-05-10,-0.644040091546224,-1.259747089159719,-0.07726870161817327,-0.644040091546224,-0.644040091546224,-0.018495463997646774,-0.018495463997646774,-0.018495463997646774,-0.018495463997646774,-0.018495463997646774,-0.018495463997646774,0.0,0.0,0.0,-0.6625355555438708
86,2022-05-11,-0.6451405434778701,-1.207649450619308,-0.017006718051449477,-0.6451405434778701,-0.6451405434778701,0.003958967381848259,0.003958967381848259,0.003958967381848259,0.003958967381848259,0.003958967381848259,0.003958967381848259,0.0,0.0,0.0,-0.6411815760960218
87,2022-05-12,-0.6462409954095162,-1.3310681789884866,-0.10275491130641295,-0.6462409954095162,-0.6462409954095162,-0.030911492048569817,-0.030911492048569817,-0.030911492048569817,-0.030911492048569817,-0.030911492048569817,-0.030911492048569817,0.0,0.0,0.0,-0.677152487458086
88,2022-05-13,-0.6473414473411624,-1.2865818524922812,-0.05334834994318682,-0.6473414473411624,-0.6473414473411624,-0.023438835113296527,-0.023438835113296527,-0.023438835113296527,-0.023438835113296527,-0.023438835113296527,-0.023438835113296527,0.0,0.0,0.0,-0.6707802824544589
89,2022-05-16,-0.6506428031361008,-1.1694195623951218,-0.004618006956246354,-0.6506428031361008,-0.6506428031361008,0.04035988639720454,0.04035988639720454,0.04035988639720454,0.04035988639720454,0.04035988639720454,0.04035988639720454,0.0,0.0,0.0,-0.6102829167388962
90,2022-05-17,-0.6517432550677469,-1.2664077197819794,-0.030907193238625095,-0.6517432550677469,-0.6517432550677469,-0.018495463997614436,-0.018495463997614436,-0.018495463997614436,-0.018495463997614436,-0.018495463997614436,-0.018495463997614436,0.0,0.0,0.0,-0.6702387190653614
91,2022-05-18,-0.6528437069993929,-1.2518788980263704,-0.026165398630522554,-0.6528437069993929,-0.6528437069993929,0.003958967381861872,0.003958967381861872,0.003958967381861872,0.003958967381861872,0.003958967381861872,0.003958967381861872,0.0,0.0,0.0,-0.648884739617531
92,2022-05-19,-0.6539441589310392,-1.3123576292192156,-0.1349919296320588,-0.6539441589310392,-0.6539441589310392,-0.030911492048547932,-0.030911492048547932,-0.030911492048547932,-0.030911492048547932,-0.030911492048547932,-0.030911492048547932,0.0,0.0,0.0,-0.6848556509795871
93,2022-05-20,-0.6550446108626852,-1.2425232238563284,-0.016330361055687307,-0.6550446108626852,-0.6550446108626852,-0.023438835113174912,-0.023438835113174912,-0.023438835113174912,-0.023438835113174912,-0.023438835113174912,-0.023438835113174912,0.0,0.0,0.0,-0.6784834459758601
94,2022-05-23,-0.6502891519298318,-1.1944982381070413,-0.00201314469879557,-0.6502891519298318,-0.6502891519298318,0.04035988639725284,0.04035988639725284,0.04035988639725284,0.04035988639725284,0.04035988639725284,0.04035988639725284,0.0,0.0,0.0,-0.609929265532579
95,2022-05-24,-0.648703998952214,-1.2654406375420701,-0.01118965481396006,-0.648703998952214,-0.648703998952214,-0.01849546399765374,-0.01849546399765374,-0.01849546399765374,-0.01849546399765374,-0.01849546399765374,-0.01849546399765374,0.0,0.0,0.0,-0.6671994629498678
96,2022-05-25,-0.6471188459745962,-1.230582938561169,-0.04902094934106931,-0.6471188459745962,-0.6471188459745962,0.003958967381833128,0.003958967381833128,0.003958967381833128,0.003958967381833128,0.003958967381833128,0.003958967381833128,0.0,0.0,0.0,-0.6431598785927631
97,2022-05-26,-0.6455336929969784,-1.2796952398873036,-0.0742613561336238,-0.6455336929969784,-0.6455336929969784,-0.030911492048482543,-0.030911492048482543,-0.030911492048482543,-0.030911492048482543,-0.030911492048482543,-0.030911492048482543,0.0,0.0,0.0,-0.6764451850454609
98,2022-05-27,-0.6439485400193606,-1.3042967800788405,-0.021321260136977386,-0.6439485400193606,-0.6439485400193606,-0.023438835113196582,-0.023438835113196582,-0.023438835113196582,-0.023438835113196582,-0.023438835113196582,-0.023438835113196582,0.0,0.0,0.0,-0.6673873751325572
99,2022-05-30,-0.6391930810865073,-1.1959166167289832,0.03676748064482953,-0.6391930810865073,-0.6391930810865073,0.04035988639727164,0.04035988639727164,0.04035988639727164,0.04035988639727164,0.04035988639727164,0.04035988639727164,0.0,0.0,0.0,-0.5988331946892357
100,2022-05-31,-0.6376079281088894,-1.2529769756559694,-0.07450014209312283,-0.6376079281088894,-0.6376079281088894,-0.018495463997693053,-0.018495463997693053,-0.018495463997693053,-0.018495463997693053,-0.018495463997693053,-0.018495463997693053,0.0,0.0,0.0,-0.6561033921065825
101,2022-06-01,-0.6338402835798942,-1.2906443378930534,-0.026491243229733057,-0.6338402835798942,-0.6338402835798942,0.003958967381896872,0.003958967381896872,0.003958967381896872,0.003958967381896872,0.003958967381896872,0.003958967381896872,0.0,0.0,0.0,-0.6298813161979974
102,2022-06-02,-0.630072639050899,-1.2819350088756107,-0.05698070770099159,-0.630072639050899,-0.630072639050899,-0.030911492048460658,-0.030911492048460658,-0.030911492048460658,-0.030911492048460658,-0.030911492048460658,-0.030911492048460658,0.0,0.0,0.0,-0.6609841310993597
103,2022-06-06,-0.6150020609349182,-1.2053425345682272,0.007975809271023872,-0.6150020609349182,-0.6150020609349182,0.04035988639723455,0.04035988639723455,0.04035988639723455,0.04035988639723455,0.04035988639723455,0.04035988639723455,0.0,0.0,0.0,-0.5746421745376836
104,2022-06-07,-0.6112344164059229,-1.2942942555469947,-0.03243303102680354,-0.6112344164059229,-0.6112344164059229,-0.01849546399769654,-0.01849546399769654,-0.01849546399769654,-0.01849546399769654,-0.01849546399769654,-0.01849546399769654,0.0,0.0,0.0,-0.6297298804036194
105,2022-06-08,-0.6074667718769277,-1.2300374485913725,0.018207809867913868,-0.6074667718769277,-0.6074667718769277,0.003958967381775633,0.003958967381775633,0.003958967381775633,0.003958967381775633,0.003958967381775633,0.003958967381775633,0.0,0.0,0.0,-0.6035078044951521
106,2022-06-09,-0.6036991273479325,-1.2729877715610902,-0.06927945463342963,-0.6036991273479325,-0.6036991273479325,-0.030911492048438766,-0.030911492048438766,-0.030911492048438766,-0.030911492048438766,-0.030911492048438766,-0.030911492048438766,0.0,0.0,0.0,-0.6346106193963713
107,2022-06-10,-0.5999314828189369,-1.248442557606599,-0.051841704832905365,-0.5999314828189369,-0.5999314828189369,-0.023438835113300215,-0.023438835113300215,-0.023438835113300215,-0.023438835113300215,-0.023438835113300215,-0.023438835113300215,0.0,0.0,0.0,-0.6233703179322372
108,2022-06-13,-0.5842206082592342,-1.124855451544748,0.028066867798519447,-0.5842206082592342,-0.5842206082592342,0.04035988639722541,0.04035988639722541,0.04035988639722541,0.04035988639722541,0.04035988639722541,0.04035988639722541,0.0,0.0,0.0,-0.5438607218620087
109,2022-06-14,-0.5789836500726666,-1.1772620133419707,0.044307753690374554,-0.5789836500726666,-0.5789836500726666,-0.018495463997671737,-0.018495463997671737,-0.018495463997671737,-0.018495463997671737,-0.018495463997671737,-0.018495463997671737,0.0,0.0,0.0,-0.5974791140703384
110,2022-06-15,-0.5737466918860991,-1.1523728702764293,0.023581118882094222,-0.5737466918860991,-0.5737466918860991,0.003958967381839377,0.003958967381839377,0.003958967381839377,0.003958967381839377,0.003958967381839377,0.003958967381839377,0.0,0.0,0.0,-0.5697877245042596
111,2022-06-16,-0.5685097336995313,-1.2501953214457584,-0.02774950145933101,-0.5685097336995313,-0.5685097336995313,-0.030911492048416884,-0.030911492048416884,-0.030911492048416884,-0.030911492048416884,-0.030911492048416884,-0.030911492048416884,0.0,0.0,0.0,-0.5994212257479482
112,2022-06-17,-0.5632727755129637,-1.1990473251348444,0.059316077639019076,-0.5632727755129637,-0.5632727755129637,-0.023438835113178604,-0.023438835113178604,-0.023438835113178604,-0.023438835113178604,-0.023438835113178604,-0.023438835113178604,0.0,0.0,0.0,-0.5867116106261423
113,2022-06-20,-0.5475619009532611,-1.1494238773455907,0.08600896048510095,-0.5475619009532611,-0.5475619009532611,0.04035988639721627,0.04035988639721627,0.04035988639721627,0.04035988639721627,0.04035988639721627,0.04035988639721627,0.0,0.0,0.0,-0.5072020145560447
114,2022-06-21,-0.5423249427666936,-1.1521806473689933,0.053653176349689996,-0.5423249427666936,-0.5423249427666936,-0.0184954639976394,-0.0184954639976394,-0.0184954639976394,-0.0184954639976394,-0.0184954639976394,-0.0184954639976394,0.0,0.0,0.0,-0.560820406764333
115,2022-06-22,-0.5364753852136516,-1.1757929435925172,0.08244552123479185,-0.5364753852136516,-0.5364753852136516,0.0039589673817605,0.0039589673817605,0.0039589673817605,0.0039589673817605,0.0039589673817605,0.0039589673817605,0.0,0.0,0.0,-0.5325164178318911
116,2022-06-23,-0.5306258276606097,-1.1674721285532021,0.0704928584642786,-0.5306258276606097,-0.5306258276606097,-0.030911492048525842,-0.030911492048525842,-0.030911492048525842,-0.030911492048525842,-0.030911492048525842,-0.030911492048525842,0.0,0.0,0.0,-0.5615373197091356
117,2022-06-24,-0.5247762701075678,-1.1742266424689327,0.05908540825403257,-0.5247762701075678,-0.5247762701075678,-0.02343883511320027,-0.02343883511320027,-0.02343883511320027,-0.02343883511320027,-0.02343883511320027,-0.02343883511320027,0.0,0.0,0.0,-0.548215105220768
118,2022-06-27,-0.507227597448442,-1.0949859611184105,0.11845297848687777,-0.507227597448442,-0.507227597448442,0.04035988639720712,0.04035988639720712,0.04035988639720712,0.04035988639720712,0.04035988639720712,0.04035988639720712,0.0,0.0,0.0,-0.4668677110512349
119,2022-06-28,-0.5013780398954002,-1.105317943806352,0.11847162168230857,-0.5013780398954002,-0.5013780398954002,-0.018495463997678707,-0.018495463997678707,-0.018495463997678707,-0.018495463997678707,-0.018495463997678707,-0.018495463997678707,0.0,0.0,0.0,-0.5198735038930788
120,2022-06-29,-0.4955284823423582,-1.0989168128541487,0.14228945702968374,-0.4955284823423582,-0.4955284823423582,0.0039589673818242474,0.0039589673818242474,0.0039589673818242474,0.0039589673818242474,0.0039589673818242474,0.0039589673818242474,0.0,0.0,0.0,-0.4915695149605339
121,2022-06-30,-0.48967892478931596,-1.136249718986831,0.09820669406681408,-0.48967892478931596,-0.48967892478931596,-0.030911492048460453,-0.030911492048460453,-0.030911492048460453,-0.030911492048460453,-0.030911492048460453,-0.030911492048460453,0.0,0.0,0.0,-0.5205904168377764
122,2022-07-01,-0.4838293672330749,-1.1313789305043251,0.10838063288238502,-0.4838293672330749,-0.4838293672330749,-0.023438835113221933,-0.023438835113221933,-0.023438835113221933,-0.023438835113221933,-0.023438835113221933,-0.023438835113221933,0.0,0.0,0.0,-0.5072682023462969
123,2022-07-04,-0.4662806945643519,-1.0126480230261372,0.19211016580053975,-0.4662806945643519,-0.4662806945643519,0.04035988639717003,0.04035988639717003,0.04035988639717003,0.04035988639717003,0.04035988639717003,0.04035988639717003,0.0,0.0,0.0,-0.42592080816718186
124,2022-07-05,-0.4604311370081107,-1.0826652156578271,0.13485111770414743,-0.4604311370081107,-0.4604311370081107,-0.018495463997682197,-0.018495463997682197,-0.018495463997682197,-0.018495463997682197,-0.018495463997682197,-0.018495463997682197,0.0,0.0,0.0,-0.47892660100579293
125,2022-07-06,-0.45458157945186967,-1.054895041972753,0.19456663620396045,-0.45458157945186967,-0.45458157945186967,0.003958967381887992,0.003958967381887992,0.003958967381887992,0.003958967381887992,0.003958967381887992,0.003958967381887992,0.0,0.0,0.0,-0.45062261206998167
126,2022-07-07,-0.4487320218956286,-1.1288645110823348,0.1145725830926008,-0.4487320218956286,-0.4487320218956286,-0.03091149204856941,-0.03091149204856941,-0.03091149204856941,-0.03091149204856941,-0.03091149204856941,-0.03091149204856941,0.0,0.0,0.0,-0.479643513944198
127,2022-07-08,-0.44288246433938755,-1.1186927106186562,0.12467773687883163,-0.44288246433938755,-0.44288246433938755,-0.02343883511324361,-0.02343883511324361,-0.02343883511324361,-0.02343883511324361,-0.02343883511324361,-0.02343883511324361,0.0,0.0,0.0,-0.4663212994526312
128,2022-07-11,-0.42533379167066454,-1.0231672932487967,0.2428706239468782,-0.42533379167066454,-0.42533379167066454,0.040359886397246275,0.040359886397246275,0.040359886397246275,0.040359886397246275,0.040359886397246275,0.040359886397246275,0.0,0.0,0.0,-0.38497390527341824
129,2022-07-12,-0.41948423415903996,-1.0614583263431359,0.1604160006640911,-0.41948423415903996,-0.41948423415903996,-0.01849546399768568,-0.01849546399768568,-0.01849546399768568,-0.01849546399768568,-0.01849546399768568,-0.01849546399768568,0.0,0.0,0.0,-0.43797969815672566
130,2022-07-13,-0.41363467664741554,-1.0199187556029747,0.199321057945492,-0.41363467664741554,-0.41363467664741554,0.003958967381766749,0.003958967381766749,0.003958967381766749,0.003958967381766749,0.003958967381766749,0.003958967381766749,0.0,0.0,0.0,-0.4096757092656488
131,2022-07-14,-0.40778511913579096,-1.0863192715279755,0.15715100702927406,-0.40778511913579096,-0.40778511913579096,-0.030911492048416676,-0.030911492048416676,-0.030911492048416676,-0.030911492048416676,-0.030911492048416676,-0.030911492048416676,0.0,0.0,0.0,-0.43869661118420766
132,2022-07-15,-0.40193556162416655,-1.039679651746036,0.1981553213282931,-0.40193556162416655,-0.40193556162416655,-0.02343883511312199,-0.02343883511312199,-0.02343883511312199,-0.02343883511312199,-0.02343883511312199,-0.02343883511312199,0.0,0.0,0.0,-0.42537439673728855
133,2022-07-18,-0.38438688908929325,-0.9704608168843926,0.2416447224243523,-0.38438688908929325,-0.38438688908929325,0.040359886397209194,0.040359886397209194,0.040359886397209194,0.040359886397209194,0.040359886397209194,0.040359886397209194,0.0,0.0,0.0,-0.3440270026920841
134,2022-07-19,-0.3785373315776688,-0.9993239906337059,0.2047987669233733,-0.3785373315776688,-0.3785373315776688,-0.018495463997625056,-0.018495463997625056,-0.018495463997625056,-0.018495463997625056,-0.018495463997625056,-0.018495463997625056,0.0,0.0,0.0,-0.3970327955752938
135,2022-07-20,-0.37268777406604436,-0.935126806695064,0.2466889758337177,-0.37268777406604436,-0.37268777406604436,0.0039589673818304985,0.0039589673818304985,0.0039589673818304985,0.0039589673818304985,0.0039589673818304985,0.0039589673818304985,0.0,0.0,0.0,-0.3687288066842139
136,2022-07-21,-0.36683821652418014,-0.9820141849232138,0.22447369114904686,-0.36683821652418014,-0.36683821652418014,-0.03091149204852564,-0.03091149204852564,-0.03091149204852564,-0.03091149204852564,-0.03091149204852564,-0.03091149204852564,0.0,0.0,0.0,-0.39774970857270575
137,2022-07-22,-0.3609886589823156,-0.9894091117955757,0.23068656866474707,-0.3609886589823156,-0.3609886589823156,-0.02343883511320395,-0.02343883511320395,-0.02343883511320395,-0.02343883511320395,-0.02343883511320395,-0.02343883511320395,0.0,0.0,0.0,-0.3844274940955195
138,2022-07-25,-0.34343998635672285,-0.8921410833264259,0.29306943366491317,-0.34343998635672285,-0.34343998635672285,0.040359886397228,0.040359886397228,0.040359886397228,0.040359886397228,0.040359886397228,0.040359886397228,0.0,0.0,0.0,-0.30308009995949486
139,2022-07-26,-0.3375904288148586,-0.9682146503988394,0.2888498630302242,-0.3375904288148586,-0.3375904288148586,-0.018495463997628542,-0.018495463997628542,-0.018495463997628542,-0.018495463997628542,-0.018495463997628542,-0.018495463997628542,0.0,0.0,0.0,-0.35608589281248715
140,2022-07-27,-0.33174087127299434,-0.9460374201371082,0.25782200008162653,-0.33174087127299434,-0.33174087127299434,0.003958967381844111,0.003958967381844111,0.003958967381844111,0.003958967381844111,0.003958967381844111,0.003958967381844111,0.0,0.0,0.0,-0.32778190389115025
141,2022-07-28,-0.32589131373112984,-0.9160140521983041,0.26917174068823163,-0.32589131373112984,-0.32589131373112984,-0.0309114920486346,-0.0309114920486346,-0.0309114920486346,-0.0309114920486346,-0.0309114920486346,-0.0309114920486346,0.0,0.0,0.0,-0.3568028057797644
142,2022-07-29,-0.32004175618926534,-0.976969165262037,0.2533551054257333,-0.32004175618926534,-0.32004175618926534,-0.023438835113082344,-0.023438835113082344,-0.023438835113082344,-0.023438835113082344,-0.023438835113082344,-0.023438835113082344,0.0,0.0,0.0,-0.3434805913023477
143,2022-08-01,-0.30249308347524506,-0.9019976720563714,0.32247294409324634,-0.30249308347524506,-0.30249308347524506,0.0403598863971909,0.0403598863971909,0.0403598863971909,0.0403598863971909,0.0403598863971909,0.0403598863971909,0.0,0.0,0.0,-0.26213319707805416
144,2022-08-02,-0.29664352590390486,-0.9992616370260814,0.2925985625344028,-0.29664352590390486,-0.29664352590390486,-0.01849546399763203,-0.01849546399763203,-0.01849546399763203,-0.01849546399763203,-0.01849546399763203,-0.01849546399763203,0.0,0.0,0.0,-0.3151389899015369
145,2022-08-03,-0.2907939683325648,-0.9371333849519614,0.35657902544563835,-0.2907939683325648,-0.2907939683325648,0.003958967381907857,0.003958967381907857,0.003958967381907857,0.003958967381907857,0.003958967381907857,0.003958967381907857,0.0,0.0,0.0,-0.28683500095065695
146,2022-08-04,-0.2849444107612246,-0.9655055394305359,0.24684824948787829,-0.2849444107612246,-0.2849444107612246,-0.03091149204848186,-0.03091149204848186,-0.03091149204848186,-0.03091149204848186,-0.03091149204848186,-0.03091149204848186,0.0,0.0,0.0,-0.3158559028097065
147,2022-08-05,-0.2790948531898846,-0.9178505279531933,0.3027675418418867,-0.2790948531898846,-0.2790948531898846,-0.02343883511339058,-0.02343883511339058,-0.02343883511339058,-0.02343883511339058,-0.02343883511339058,-0.02343883511339058,0.0,0.0,0.0,-0.30253368830327515
148,2022-08-08,-0.2615461804758641,-0.8669589117277391,0.3918836509737244,-0.2615461804758641,-0.2615461804758641,0.040359886397153814,0.040359886397153814,0.040359886397153814,0.040359886397153814,0.040359886397153814,0.040359886397153814,0.0,0.0,0.0,-0.22118629407871027
149,2022-08-09,-0.2556966229045241,-0.9482812451351175,0.2857862188213752,-0.2556966229045241,-0.2556966229045241,-0.018495463997671338,-0.018495463997671338,-0.018495463997671338,-0.018495463997671338,-0.018495463997671338,-0.018495463997671338,0.0,0.0,0.0,-0.27419208690219543
150,2022-08-10,-0.24984706533318413,-0.8633733399782711,0.3722886885112931,-0.24984706533318413,-0.24984706533318413,0.0039589673818791115,0.0039589673818791115,0.0039589673818791115,0.0039589673818791115,0.0039589673818791115,0.0039589673818791115,0.0,0.0,0.0,-0.245888097951305
151,2022-08-11,-0.24399750776403906,-0.8671756445540089,0.3542524512051723,-0.24399750776403906,-0.24399750776403906,-0.03091149204859082,-0.03091149204859082,-0.03091149204859082,-0.03091149204859082,-0.03091149204859082,-0.03091149204859082,0.0,0.0,0.0,-0.2749089998126299
152,2022-08-12,-0.23814795019489396,-0.8722559856249448,0.36441350364954317,-0.23814795019489396,-0.23814795019489396,-0.023438835113329264,-0.023438835113329264,-0.023438835113329264,-0.023438835113329264,-0.023438835113329264,-0.023438835113329264,0.0,0.0,0.0,-0.2615867853082232
153,2022-08-15,-0.22059927748745847,-0.7592316489200401,0.41962132324584717,-0.22059927748745847,-0.22059927748745847,0.04035988639717262,0.04035988639717262,0.04035988639717262,0.04035988639717262,0.04035988639717262,0.04035988639717262,0.0,0.0,0.0,-0.18023939109028586
154,2022-08-16,-0.21474971991831365,-0.8680643354243058,0.3455546575748657,-0.21474971991831365,-0.21474971991831365,-0.018495463997639003,-0.018495463997639003,-0.018495463997639003,-0.018495463997639003,-0.018495463997639003,-0.018495463997639003,0.0,0.0,0.0,-0.23324518391595267
155,2022-08-17,-0.20890016234916856,-0.8465536856941966,0.3990851762387354,-0.20890016234916856,-0.20890016234916856,0.003958967381850366,0.003958967381850366,0.003958967381850366,0.003958967381850366,0.003958967381850366,0.003958967381850366,0.0,0.0,0.0,-0.2049411949673182
156,2022-08-18,-0.20305060478002324,-0.831518987923599,0.4119307536709648,-0.20305060478002324,-0.20305060478002324,-0.030911492048525432,-0.030911492048525432,-0.030911492048525432,-0.030911492048525432,-0.030911492048525432,-0.030911492048525432,0.0,0.0,0.0,-0.23396209682854868
157,2022-08-19,-0.19720104721087814,-0.8540222090618403,0.43807232788412875,-0.19720104721087814,-0.19720104721087814,-0.023438835113350924,-0.023438835113350924,-0.023438835113350924,-0.023438835113350924,-0.023438835113350924,-0.023438835113350924,0.0,0.0,0.0,-0.22063988232422907
158,2022-08-22,-0.17965237449890503,-0.759552408254679,0.5022620051898361,-0.17965237449890503,-0.17965237449890503,0.04035988639722092,0.04035988639722092,0.04035988639722092,0.04035988639722092,0.04035988639722092,0.04035988639722092,0.0,0.0,0.0,-0.1392924881016841
159,2022-08-23,-0.1738028169282476,-0.797075494155042,0.4218327522198435,-0.1738028169282476,-0.1738028169282476,-0.018495463997614196,-0.018495463997614196,-0.018495463997614196,-0.018495463997614196,-0.018495463997614196,-0.018495463997614196,0.0,0.0,0.0,-0.1922982809258618
160,2022-08-24,-0.16795325935758987,-0.7784806772480917,0.4162892246189795,-0.16795325935758987,-0.16795325935758987,0.003958967381821619,0.003958967381821619,0.003958967381821619,0.003958967381821619,0.003958967381821619,0.003958967381821619,0.0,0.0,0.0,-0.16399429197576826
161,2022-08-25,-0.16210370178693218,-0.8108841528561113,0.42349830391792176,-0.16210370178693218,-0.16210370178693218,-0.030911492048634394,-0.030911492048634394,-0.030911492048634394,-0.030911492048634394,-0.030911492048634394,-0.030911492048634394,0.0,0.0,0.0,-0.19301519383556656
162,2022-08-26,-0.15625414421627445,-0.8305973564736827,0.3907776066563882,-0.15625414421627445,-0.15625414421627445,-0.023438835113229316,-0.023438835113229316,-0.023438835113229316,-0.023438835113229316,-0.023438835113229316,-0.023438835113229316,0.0,0.0,0.0,-0.17969297932950376
163,2022-08-29,-0.1387054715043016,-0.6854208480326701,0.5425284083505857,-0.1387054715043016,-0.1387054715043016,0.04035988639723972,0.04035988639723972,0.04035988639723972,0.04035988639723972,0.04035988639723972,0.04035988639723972,0.0,0.0,0.0,-0.09834558510706187
164,2022-08-30,-0.1328559139336439,-0.7373854588673943,0.44537573789890395,-0.1328559139336439,-0.1328559139336439,-0.018495463997617683,-0.018495463997617683,-0.018495463997617683,-0.018495463997617683,-0.018495463997617683,-0.018495463997617683,0.0,0.0,0.0,-0.15135137793126158
165,2022-08-31,-0.127006356360908,-0.7210968445157142,0.4403273029016723,-0.127006356360908,-0.127006356360908,0.003958967381885367,0.003958967381885367,0.003958967381885367,0.003958967381885367,0.003958967381885367,0.003958967381885367,0.0,0.0,0.0,-0.12304738897902265
166,2022-09-01,-0.12115679878817188,-0.7922919401581036,0.45078242364524174,-0.12115679878817188,-0.12115679878817188,-0.030911492048481655,-0.030911492048481655,-0.030911492048481655,-0.030911492048481655,-0.030911492048481655,-0.030911492048481655,0.0,0.0,0.0,-0.15206829083665355
167,2022-09-02,-0.11530724121543574,-0.7663925623341742,0.47179089597556945,-0.11530724121543574,-0.11530724121543574,-0.023438835113107702,-0.023438835113107702,-0.023438835113107702,-0.023438835113107702,-0.023438835113107702,-0.023438835113107702,0.0,0.0,0.0,-0.13874607632854344
168,2022-09-05,-0.09775856849722732,-0.6459828430105076,0.4967928056722478,-0.09775856849722732,-0.09775856849722732,0.040359886397202636,0.040359886397202636,0.040359886397202636,0.040359886397202636,0.040359886397202636,0.040359886397202636,0.0,0.0,0.0,-0.05739868210002468
169,2022-09-06,-0.09190901092449118,-0.6849854833802631,0.49385224160675895,-0.09190901092449118,-0.09190901092449118,-0.018495463997656995,-0.018495463997656995,-0.018495463997656995,-0.018495463997656995,-0.018495463997656995,-0.018495463997656995,0.0,0.0,0.0,-0.11040447492214817
170,2022-09-07,-0.08605945335175529,-0.7098008666823352,0.5749392981030964,-0.08605945335175529,-0.08605945335175529,0.003958967381764126,0.003958967381764126,0.003958967381764126,0.003958967381764126,0.003958967381764126,0.003958967381764126,0.0,0.0,0.0,-0.08210048596999116
171,2022-09-08,-0.08020989577901941,-0.7293549661633161,0.4771316765933753,-0.08020989577901941,-0.08020989577901941,-0.030911492048416273,-0.030911492048416273,-0.030911492048416273,-0.030911492048416273,-0.030911492048416273,-0.030911492048416273,0.0,0.0,0.0,-0.11112138782743568
172,2022-09-09,-0.07436033821812052,-0.6932446958673771,0.5478933723506403,-0.07436033821812052,-0.07436033821812052,-0.023438835113272653,-0.023438835113272653,-0.023438835113272653,-0.023438835113272653,-0.023438835113272653,-0.023438835113272653,0.0,0.0,0.0,-0.09779917333139318
173,2022-09-13,-0.05096210797452468,-0.6805729677477456,0.5644619824191631,-0.05096210797452468,-0.05096210797452468,-0.0184954639976963,-0.0184954639976963,-0.0184954639976963,-0.0184954639976963,-0.0184954639976963,-0.0184954639976963,0.0,0.0,0.0,-0.06945757197222098
174,2022-09-14,-0.045112550413625795,-0.6428213762303218,0.5844329717978831,-0.045112550413625795,-0.045112550413625795,0.003958967381870232,0.003958967381870232,0.003958967381870232,0.003958967381870232,0.003958967381870232,0.003958967381870232,0.0,0.0,0.0,-0.041153583031755564
175,2022-09-15,-0.0392629928527269,-0.6767968286445716,0.5600216111888345,-0.0392629928527269,-0.0392629928527269,-0.030911492048394388,-0.030911492048394388,-0.030911492048394388,-0.030911492048394388,-0.030911492048394388,-0.030911492048394388,0.0,0.0,0.0,-0.07017448490112128
176,2022-09-16,-0.033413435291828004,-0.6927971373914417,0.5662934805777433,-0.033413435291828004,-0.033413435291828004,-0.023438835113151035,-0.023438835113151035,-0.023438835113151035,-0.023438835113151035,-0.023438835113151035,-0.023438835113151035,0.0,0.0,0.0,-0.05685227040497904
177,2022-09-19,-0.01586476260913107,-0.5734935503093137,0.6152928096327795,-0.01586476260913107,-0.01586476260913107,0.040359886397269736,0.040359886397269736,0.040359886397269736,0.040359886397269736,0.040359886397269736,0.040359886397269736,0.0,0.0,0.0,0.024495123788138666
178,2022-09-20,-0.010015205048231916,-0.6378805881187456,0.5623404296276858,-0.010015205048231916,-0.010015205048231916,-0.018495463997663966,-0.018495463997663966,-0.018495463997663966,-0.018495463997663966,-0.018495463997663966,-0.018495463997663966,0.0,0.0,0.0,-0.02851066904589588
179,2022-09-21,-0.0041656474542758,-0.6571995187760379,0.6245996271116313,-0.0041656474542758,-0.0041656474542758,0.003958967381841487,0.003958967381841487,0.003958967381841487,0.003958967381841487,0.003958967381841487,0.003958967381841487,0.0,0.0,0.0,-0.00020668007243431277
180,2022-09-22,0.0016839101396800577,-0.644604103451428,0.5678110087227577,0.0016839101396800577,0.0016839101396800577,-0.030911492048503342,-0.030911492048503342,-0.030911492048503342,-0.030911492048503342,-0.030911492048503342,-0.030911492048503342,0.0,0.0,0.0,-0.029227581908823283
181,2022-09-23,0.007533467733636174,-0.6004255845314638,0.6247254292465876,0.007533467733636174,0.007533467733636174,-0.023438835113172702,-0.023438835113172702,-0.023438835113172702,-0.023438835113172702,-0.023438835113172702,-0.023438835113172702,0.0,0.0,0.0,-0.015905367379536527
182,2022-09-26,0.025082140515504524,-0.5795951080396222,0.6452432143335088,0.025082140515504524,0.025082140515504524,0.04035988639726058,0.04035988639726058,0.04035988639726058,0.04035988639726058,0.04035988639726058,0.04035988639726058,0.0,0.0,0.0,0.0654420269127651
183,2022-09-27,0.03093169810946064,-0.5571502457993845,0.5813298315426217,0.03093169810946064,0.03093169810946064,-0.018495463997703274,-0.018495463997703274,-0.018495463997703274,-0.018495463997703274,-0.018495463997703274,-0.018495463997703274,0.0,0.0,0.0,0.012436234111757365
184,2022-09-28,0.036781255703416754,-0.5379011931218202,0.6913235925805546,0.036781255703416754,0.036781255703416754,0.003958967381905233,0.003958967381905233,0.003958967381905233,0.003958967381905233,0.003958967381905233,0.003958967381905233,0.0,0.0,0.0,0.040740223085321985
185,2022-09-29,0.04263081329737287,-0.5827719229665093,0.626470074499761,0.04263081329737287,0.04263081329737287,-0.030911492048481457,-0.030911492048481457,-0.030911492048481457,-0.030911492048481457,-0.030911492048481457,-0.030911492048481457,0.0,0.0,0.0,0.011719321248891416
186,2022-09-30,0.04848037089132899,-0.597810167661469,0.6609976782084823,0.04848037089132899,0.04848037089132899,-0.023438835113254675,-0.023438835113254675,-0.023438835113254675,-0.023438835113254675,-0.023438835113254675,-0.023438835113254675,0.0,0.0,0.0,0.025041535778074317
187,2022-10-10,0.1069759468308899,-0.46986896972936515,0.7577785420110731,0.1069759468308899,0.1069759468308899,0.040359886397214356,0.040359886397214356,0.040359886397214356,0.040359886397214356,0.040359886397214356,0.040359886397214356,0.0,0.0,0.0,0.14733583322810426
188,2022-10-11,0.11282550442484601,-0.5418921103592221,0.7071116887088439,0.11282550442484601,0.11282550442484601,-0.018495463997646136,-0.018495463997646136,-0.018495463997646136,-0.018495463997646136,-0.018495463997646136,-0.018495463997646136,0.0,0.0,0.0,0.09433004042719988
189,2022-10-12,0.11867506201880212,-0.4983549481019029,0.744675718796408,0.11867506201880212,0.11867506201880212,0.0039589673817976056,0.0039589673817976056,0.0039589673817976056,0.0039589673817976056,0.0039589673817976056,0.0039589673817976056,0.0,0.0,0.0,0.12263402940059973
190,2022-10-13,0.12452461961275825,-0.5277686246263598,0.7381308472812624,0.12452461961275825,0.12452461961275825,-0.03091149204843768,-0.03091149204843768,-0.03091149204843768,-0.03091149204843768,-0.03091149204843768,-0.03091149204843768,0.0,0.0,0.0,0.09361312756432057
191,2022-10-14,0.1303741772067141,-0.5067815635545161,0.7207156263258201,0.1303741772067141,0.1303741772067141,-0.023438835113154723,-0.023438835113154723,-0.023438835113154723,-0.023438835113154723,-0.023438835113154723,-0.023438835113154723,0.0,0.0,0.0,0.10693534209355937
192,2022-10-17,0.14792284998858246,-0.4336439719396653,0.8116536032693672,0.14792284998858246,0.14792284998858246,0.040359886397177275,0.040359886397177275,0.040359886397177275,0.040359886397177275,0.040359886397177275,0.040359886397177275,0.0,0.0,0.0,0.18828273638575974
193,2022-10-18,0.15377240758253857,-0.46938033750874486,0.7254826946266403,0.15377240758253857,0.15377240758253857,-0.018495463997649626,-0.018495463997649626,-0.018495463997649626,-0.018495463997649626,-0.018495463997649626,-0.018495463997649626,0.0,0.0,0.0,0.13527694358488895
194,2022-10-19,0.15962196517649468,-0.508876140678645,0.7807578958584352,0.15962196517649468,0.15962196517649468,0.003958967381768857,0.003958967381768857,0.003958967381768857,0.003958967381768857,0.003958967381768857,0.003958967381768857,0.0,0.0,0.0,0.16358093255826353
195,2022-10-20,0.1654715227704508,-0.4865362238616267,0.6821392589558227,0.1654715227704508,0.1654715227704508,-0.03091149204854664,-0.03091149204854664,-0.03091149204854664,-0.03091149204854664,-0.03091149204854664,-0.03091149204854664,0.0,0.0,0.0,0.13456003072190414
196,2022-10-21,0.17132108036440666,-0.4855318142168486,0.7340553746587989,0.17132108036440666,0.17132108036440666,-0.023438835113176393,-0.023438835113176393,-0.023438835113176393,-0.023438835113176393,-0.023438835113176393,-0.023438835113176393,0.0,0.0,0.0,0.14788224525123025
197,2022-10-24,0.18886975314627502,-0.3883892981128247,0.8749136209553188,0.18886975314627502,0.18886975314627502,0.04035988639719608,0.04035988639719608,0.04035988639719608,0.04035988639719608,0.04035988639719608,0.04035988639719608,0.0,0.0,0.0,0.2292296395434711
198,2022-10-25,0.19471931074023113,-0.43641036520326965,0.7963459449469914,0.19471931074023113,0.19471931074023113,-0.01849546399768893,-0.01849546399768893,-0.01849546399768893,-0.01849546399768893,-0.01849546399768893,-0.01849546399768893,0.0,0.0,0.0,0.1762238467425422
199,2022-10-26,0.20056886833418724,-0.36489288065739617,0.8178110245737326,0.20056886833418724,0.20056886833418724,0.003958967381832609,0.003958967381832609,0.003958967381832609,0.003958967381832609,0.003958967381832609,0.003958967381832609,0.0,0.0,0.0,0.20452783571601985
200,2022-10-27,0.20641842592814336,-0.46873648651223715,0.7369844979865109,0.20641842592814336,0.20641842592814336,-0.030911492048481252,-0.030911492048481252,-0.030911492048481252,-0.030911492048481252,-0.030911492048481252,-0.030911492048481252,0.0,0.0,0.0,0.1755069338796621
201,2022-10-28,0.21226798352209922,-0.38958194509410105,0.8012310162204387,0.21226798352209922,0.21226798352209922,-0.023438835113054782,-0.023438835113054782,-0.023438835113054782,-0.023438835113054782,-0.023438835113054782,-0.023438835113054782,0.0,0.0,0.0,0.18882914840904444
202,2022-10-31,0.22981665630396755,-0.34699202755000064,0.9250986224789665,0.22981665630396755,0.22981665630396755,0.040359886397158984,0.040359886397158984,0.040359886397158984,0.040359886397158984,0.040359886397158984,0.040359886397158984,0.0,0.0,0.0,0.27017654270112657
203,2022-11-01,0.2356662138979237,-0.3772694640752665,0.7884339502084509,0.2356662138979237,0.2356662138979237,-0.018495463997592484,-0.018495463997592484,-0.018495463997592484,-0.018495463997592484,-0.018495463997592484,-0.018495463997592484,0.0,0.0,0.0,0.2171707499003312
204,2022-11-02,0.2415157714918798,-0.3491942420419654,0.8452863074438914,0.2415157714918798,0.2415157714918798,0.003958967381896352,0.003958967381896352,0.003958967381896352,0.003958967381896352,0.003958967381896352,0.003958967381896352,0.0,0.0,0.0,0.24547473887377616
205,2022-11-03,0.24736532908583592,-0.3713467566484804,0.809651882969645,0.24736532908583592,0.24736532908583592,-0.030911492048459367,-0.030911492048459367,-0.030911492048459367,-0.030911492048459367,-0.030911492048459367,-0.030911492048459367,0.0,0.0,0.0,0.21645383703737656
206,2022-11-04,0.25321488667979203,-0.3671069304454217,0.8761672849765073,0.25321488667979203,0.25321488667979203,-0.023438835113219737,-0.023438835113219737,-0.023438835113219737,-0.023438835113219737,-0.023438835113219737,-0.023438835113219737,0.0,0.0,0.0,0.2297760515665723
207,2022-11-07,0.27076355946166014,-0.3112773606499134,0.869941504340451,0.27076355946166014,0.27076355946166014,0.040359886397235235,0.040359886397235235,0.040359886397235235,0.040359886397235235,0.040359886397235235,0.040359886397235235,0.0,0.0,0.0,0.3111234458588954
208,2022-11-08,0.27661311705561625,-0.333478678120976,0.8775415473894984,0.27661311705561625,0.27661311705561625,-0.01849546399763179,-0.01849546399763179,-0.01849546399763179,-0.01849546399763179,-0.01849546399763179,-0.01849546399763179,0.0,0.0,0.0,0.25811765305798445
209,2022-11-09,0.28246267464957237,-0.343615395483225,0.9080511164164818,0.28246267464957237,0.28246267464957237,0.003958967381867607,0.003958967381867607,0.003958967381867607,0.003958967381867607,0.003958967381867607,0.003958967381867607,0.0,0.0,0.0,0.28642164203144
210,2022-11-10,0.2883122322435285,-0.35923716454672733,0.843699918113617,0.2883122322435285,0.2883122322435285,-0.030911492048437475,-0.030911492048437475,-0.030911492048437475,-0.030911492048437475,-0.030911492048437475,-0.030911492048437475,0.0,0.0,0.0,0.257400740195091
211,2022-11-11,0.2941617898374846,-0.3409323647369461,0.8997212829394983,0.2941617898374846,0.2941617898374846,-0.023438835113098112,-0.023438835113098112,-0.023438835113098112,-0.023438835113098112,-0.023438835113098112,-0.023438835113098112,0.0,0.0,0.0,0.27072295472438646
212,2022-11-14,0.3117104626193527,-0.283915003998633,0.9128571146253053,0.3117104626193527,0.3117104626193527,0.0403598863972261,0.0403598863972261,0.0403598863972261,0.0403598863972261,0.0403598863972261,0.0403598863972261,0.0,0.0,0.0,0.3520703490165788
213,2022-11-16,0.3234095778072649,-0.24770256386499173,0.9127762319021471,0.3234095778072649,0.3234095778072649,0.003958967381838857,0.003958967381838857,0.003958967381838857,0.003958967381838857,0.003958967381838857,0.003958967381838857,0.0,0.0,0.0,0.3273685451891038
214,2022-11-17,0.32925913540122104,-0.3279868508374911,0.9197479721680472,0.32925913540122104,0.32925913540122104,-0.030911492048546436,-0.030911492048546436,-0.030911492048546436,-0.030911492048546436,-0.030911492048546436,-0.030911492048546436,0.0,0.0,0.0,0.2983476433526746
215,2022-11-18,0.33510869299517715,-0.28266854045654477,0.9120994026172218,0.33510869299517715,0.33510869299517715,-0.023438835113323363,-0.023438835113323363,-0.023438835113323363,-0.023438835113323363,-0.023438835113323363,-0.023438835113323363,0.0,0.0,0.0,0.3116698578818538
216,2022-11-21,0.3526573657770452,-0.18558848908462788,1.0104258049312014,0.3526573657770452,0.3526573657770452,0.04035988639721696,0.04035988639721696,0.04035988639721696,0.04035988639721696,0.04035988639721696,0.04035988639721696,0.0,0.0,0.0,0.39301725217426214
217,2022-11-22,0.3585069233710014,-0.2629643330543034,0.9502303930571436,0.3585069233710014,0.3585069233710014,-0.018495463997638767,-0.018495463997638767,-0.018495463997638767,-0.018495463997638767,-0.018495463997638767,-0.018495463997638767,0.0,0.0,0.0,0.34001145937336263
218,2022-11-23,0.3643564809649575,-0.22356141775378308,0.9728679137522145,0.3643564809649575,0.3643564809649575,0.003958967381852474,0.003958967381852474,0.003958967381852474,0.003958967381852474,0.003958967381852474,0.003958967381852474,0.0,0.0,0.0,0.36831544834680996
219,2022-11-25,0.3760555961528697,-0.2639121068748978,0.9667857312464561,0.3760555961528697,0.3760555961528697,-0.02343883511320175,-0.02343883511320175,-0.02343883511320175,-0.02343883511320175,-0.02343883511320175,-0.02343883511320175,0.0,0.0,0.0,0.35261676103966794
220,2022-11-28,0.39360426893473777,-0.18279516777990043,1.0543101133449322,0.39360426893473777,0.39360426893473777,0.04035988639729319,0.04035988639729319,0.04035988639729319,0.04035988639729319,0.04035988639729319,0.04035988639729319,0.0,0.0,0.0,0.433964155332031
221,2022-11-29,0.39945382652869393,-0.2303111580405184,1.0011675456687883,0.39945382652869393,0.39945382652869393,-0.01849546399764225,-0.01849546399764225,-0.01849546399764225,-0.01849546399764225,-0.01849546399764225,-0.01849546399764225,0.0,0.0,0.0,0.3809583625310517
222,2022-11-30,0.40530338412265005,-0.2049494055103087,1.0050440725247305,0.40530338412265005,0.40530338412265005,0.00395896738191622,0.00395896738191622,0.00395896738191622,0.00395896738191622,0.00395896738191622,0.00395896738191622,0.0,0.0,0.0,0.40926235150456625
223,2022-12-01,0.4111529417166059,-0.22595286667915662,0.9523578791890039,0.4111529417166059,0.4111529417166059,-0.030911492048633506,-0.030911492048633506,-0.030911492048633506,-0.030911492048633506,-0.030911492048633506,-0.030911492048633506,0.0,0.0,0.0,0.38024144966797235
224,2022-12-02,0.41700249931056227,-0.2301513506921887,0.9934954931986232,0.41700249931056227,0.41700249931056227,-0.023438835113223422,-0.023438835113223422,-0.023438835113223422,-0.023438835113223422,-0.023438835113223422,-0.023438835113223422,0.0,0.0,0.0,0.39356366419733885
225,2022-12-03,0.4228520569045181,-0.17366419806091007,1.04063680783499,0.4228520569045181,0.42286157912543537,0.01426344171176704,0.01426344171176704,0.01426344171176704,0.01426344171176704,0.01426344171176704,0.01426344171176704,0.0,0.0,0.0,0.4371154986162851
226,2022-12-04,0.4287016144984745,-0.16877713467737804,1.011765961500949,0.4286724950337436,0.42887523030647823,0.014263495668558572,0.014263495668558572,0.014263495668558572,0.014263495668558572,0.014263495668558572,0.014263495668558572,0.0,0.0,0.0,0.44296511016703305
227,2022-12-05,0.4345511720924303,-0.1604279976348475,1.1254289262402764,0.4343801052592905,0.43492431518779107,0.04035988639728405,0.04035988639728405,0.04035988639728405,0.04035988639728405,0.04035988639728405,0.04035988639728405,0.0,0.0,0.0,0.4749110584897144
228,2022-12-06,0.4404007296863867,-0.17371692275128933,1.0861293704584738,0.44002982266906204,0.44106521363616896,-0.018495463997681563,-0.018495463997681563,-0.018495463997681563,-0.018495463997681563,-0.018495463997681563,-0.018495463997681563,0.0,0.0,0.0,0.4219052656887052
229,2022-12-07,0.4462502872803426,-0.1488891529503171,1.1225946755517833,0.4455600323437924,0.4471978790695232,0.003958967381794979,0.003958967381794979,0.003958967381794979,0.003958967381794979,0.003958967381794979,0.003958967381794979,0.0,0.0,0.0,0.45020925466213757
230,2022-12-08,0.45209984487429844,-0.17604771350849516,1.0142397806272276,0.4511097903007165,0.4534064536165107,-0.03091149204861162,-0.03091149204861162,-0.03091149204861162,-0.03091149204861162,-0.03091149204861162,-0.03091149204861162,0.0,0.0,0.0,0.42118835282568684
231,2022-12-09,0.45794940246825483,-0.17131286782974697,1.0298226273400293,0.4565038517624186,0.45985032432841766,-0.023438835113305388,-0.023438835113305388,-0.023438835113305388,-0.023438835113305388,-0.023438835113305388,-0.023438835113305388,0.0,0.0,0.0,0.4345105673549494
232,2022-12-10,0.46379896006221066,-0.11961535750597245,1.1233033102110521,0.46196879056624707,0.4663174274332891,0.014263441711821695,0.014263441711821695,0.014263441711821695,0.014263441711821695,0.014263441711821695,0.014263441711821695,0.0,0.0,0.0,0.47806240177403236
233,2022-12-11,0.46964851765616705,-0.1015198823442433,1.1009803500763369,0.4674443618699235,0.4724556125595158,0.014263495668631254,0.014263495668631254,0.014263495668631254,0.014263495668631254,0.014263495668631254,0.014263495668631254,0.0,0.0,0.0,0.48391201332479833
234,2022-12-12,0.4754980752501229,-0.10985734651751304,1.1118443897359753,0.47281078637740376,0.4789389830684576,0.04035988639724696,0.04035988639724696,0.04035988639724696,0.04035988639724696,0.04035988639724696,0.04035988639724696,0.0,0.0,0.0,0.5158579616473699
235,2022-12-13,0.4813476328440793,-0.15407996967300477,1.0659685108898458,0.47800469786809563,0.48524387481011094,-0.01849546399768505,-0.01849546399768505,-0.01849546399768505,-0.01849546399768505,-0.01849546399768505,-0.01849546399768505,0.0,0.0,0.0,0.46285216884639424
236,2022-12-14,0.4871971904380351,-0.17123053449577594,1.1087707519632837,0.48331338446852556,0.49166776164979903,0.003958967381858725,0.003958967381858725,0.003958967381858725,0.003958967381858725,0.003958967381858725,0.003958967381858725,0.0,0.0,0.0,0.49115615781989386
237,2022-12-15,0.493046748031991,-0.15484018831944432,1.0448379106006749,0.48868998637160804,0.49809865658832875,-0.03091149204841539,-0.03091149204841539,-0.03091149204841539,-0.03091149204841539,-0.03091149204841539,-0.03091149204841539,0.0,0.0,0.0,0.46213525598357563
238,2022-12-16,0.4988963056259474,-0.16322402395103752,1.0594561425299611,0.49414029046013974,0.5046302871982752,-0.023438835113327058,-0.023438835113327058,-0.023438835113327058,-0.023438835113327058,-0.023438835113327058,-0.023438835113327058,0.0,0.0,0.0,0.47545747051262033
239,2022-12-17,0.5047458632199032,-0.10757816835400054,1.1559789809296825,0.4996501595787334,0.5113577454444075,0.01426344171174901,0.01426344171174901,0.01426344171174901,0.01426344171174901,0.01426344171174901,0.01426344171174901,0.0,0.0,0.0,0.5190093049316522
240,2022-12-18,0.5105954208138596,-0.07125951072706158,1.148191923984036,0.5048566713758805,0.5176259208766204,0.014263495668531584,0.014263495668531584,0.014263495668531584,0.014263495668531584,0.014263495668531584,0.014263495668531584,0.0,0.0,0.0,0.5248589164823911
241,2022-12-19,0.5164449784078154,-0.08866656311147883,1.230330002892554,0.5099512697204519,0.5243746824048162,0.04035988639726576,0.04035988639726576,0.04035988639726576,0.04035988639726576,0.04035988639726576,0.04035988639726576,0.0,0.0,0.0,0.5568048648050812
242,2022-12-20,0.5222945360017718,-0.13040783942086764,1.0956046439149414,0.515007730391411,0.5311201590919589,-0.018495463997624417,-0.018495463997624417,-0.018495463997624417,-0.018495463997624417,-0.018495463997624417,-0.018495463997624417,0.0,0.0,0.0,0.5037990720041474
243,2022-12-21,0.5281440935957277,-0.10633179374065906,1.1250733631158873,0.519990746686194,0.5379132068697804,0.003958967381829978,0.003958967381829978,0.003958967381829978,0.003958967381829978,0.003958967381829978,0.003958967381829978,0.0,0.0,0.0,0.5321030609775577
244,2022-12-22,0.5339936511896841,-0.11058733267594989,1.0940457602712912,0.5251939826758245,0.5447984466583748,-0.030911492048524346,-0.030911492048524346,-0.030911492048524346,-0.030911492048524346,-0.030911492048524346,-0.030911492048524346,0.0,0.0,0.0,0.5030821591411597
