dates,Volume,Zero,NssZero,DiffZero,Yield,NssYield,DiffYield,dayRet,stdev,skew,pct_chg,month_cum,month_pct,scale,dates_2,month_cum_2,signal,month_delta,month_diff
12/27/2021,2470000000,0.028497189,0.02819128,-3.059122609,0.028325,0.027942303,-3.826973993,-1.611460598,1.65104876,-0.039603871,0.005654806,-3.515817906,1.25%,-10,12/27/2021,-1.611460598,-1,0,0
12/28/2021,6300000000,0.028374874,0.02792435,-4.505241957,0.028225,0.027687525,-5.374747453,-1.223151127,1.655025039,-0.002711585,0.004310684,-4.738969033,1.68%,-10,12/28/2021,-2.834611725,-1,0,0
12/29/2021,8135100000,0.02824144,0.02787865,-3.627930333,0.028084,0.027636632,-4.473675386,-1.334331308,1.646780001,0.069219279,0.004724728,-6.073300341,2.15%,-10,12/29/2021,-4.168943033,-1,0,0
12/30/2021,6055050000,0.02796034,0.02780551,-1.548281709,0.0278,0.027509151,-2.90848675,-2.81100472,1.652775055,0.061338345,0.010053543,-8.884305062,3.16%,-10,12/30/2021,-6.979947753,-1,0,0
12/31/2021,1562450000,0.028026692,0.02772701,-2.99682709,0.027866,0.027422256,-4.437437724,0.663524605,1.652228081,0.062194941,-0.002367474,-8.220780456,2.92%,-10,12/31/2021,-6.316423148,-1,0,0
1/4/2022,10234590000,0.028058268,0.02765241,-4.05856296,0.027866,0.02734795,-5.180501441,0.315758864,1.644771788,0.075684619,-0.001125368,0.315758864,-0.11%,-15,1/4/2022,0.315758864,1,0,1
1/5/2022,6876450000,0.028149978,0.027802,-3.479782574,0.02795,0.027484896,-4.651039477,0.917092646,1.654799116,0.019354815,-0.003257881,1.23285151,-0.44%,-15,1/5/2022,1.23285151,1,0,1
1/6/2022,10656310000,0.028391169,0.02765168,-7.394919729,0.02821,0.027394997,-8.150030016,2.411917644,1.696528437,0.042825668,-0.008495309,3.644769153,-1.29%,-15,1/6/2022,3.644769154,1,0,1
1/7/2022,6264390000,0.028351982,0.02778374,-5.682465618,0.02815,0.027515549,-6.344506723,-0.391869742,1.6965261,0.043755907,0.00138216,3.252899411,-1.15%,-15,1/7/2022,3.252899412,1,0,1
1/10/2022,5653400000,0.028060561,0.02786852,-1.920391928,0.027861,0.027554832,-3.061682124,-2.91421501,1.728475643,0.094874153,0.010385448,0.338684402,-0.11%,-15,1/10/2022,0.338684402,1,0,1
1/11/2022,8846860000,0.028171291,0.02771802,-4.532733455,0.027971,0.027420161,-5.508391356,1.107296647,1.70004405,0.03979738,-0.003930585,1.445981049,-0.50%,-15,1/11/2022,1.445981049,1,0,1
1/12/2022,4150000000,0.027972152,0.02749402,-4.781275265,0.027775,0.027222066,-5.529339228,-1.99138826,1.715131889,0.078508756,0.007119182,-0.545407211,0.21%,-15,1/12/2022,-0.545407211,-1,0,1
1/13/2022,8677100000,0.027880793,0.02770127,-1.795211626,0.0277,0.027409822,-2.901775564,-0.913585923,1.69098977,0.062328099,0.003276757,-1.458993134,0.54%,-15,1/13/2022,-1.458993134,-1,0,1
1/14/2022,5568350000,0.02786502,0.0276712,-1.938180348,0.027678,0.027400258,-2.777422941,-0.157735578,1.679950046,0.016581519,0.00056607,-1.616728713,0.59%,-15,1/14/2022,-1.616728712,-1,0,1
1/17/2022,9100000000,0.027794148,0.02750703,-2.871202118,0.0276,0.027207971,-3.920290617,-0.708718269,1.613767601,0.08194525,0.002549883,-2.325446981,0.85%,-15,1/17/2022,-2.325446981,-1,0,1
1/18/2022,7590000000,0.027178137,0.02702381,-1.543251089,0.027,0.026726168,-2.738317839,-6.160104699,1.786754255,-0.429684668,0.022665662,-8.48555168,3.11%,-15,1/18/2022,-8.48555168,-1,0,1
1/19/2022,5897500000,0.026884073,0.02664965,-2.344231887,0.0267,0.026327312,-3.726876534,-2.940647163,1.804717406,-0.345328504,0.01093825,-11.42619884,4.21%,-15,1/19/2022,-11.42619884,-1,0,1
1/20/2022,4780640000,0.026971507,0.02648242,-4.89091058,0.02675,0.026168838,-5.811622602,0.874348296,1.814968363,-0.36908111,-0.003241748,-10.55185055,3.88%,-15,1/20/2022,-10.55185055,-1,0,1
1/21/2022,4654110000,0.026653705,0.02635856,-2.951430172,0.02645,0.02607951,-3.704896782,-3.178023141,1.807457874,-0.330645222,0.011923382,-13.72987369,5.08%,-15,1/21/2022,-13.72987369,-1,0,1
1/24/2022,8331300000,0.026346397,0.02600816,-3.382383456,0.02611,0.025702655,-4.073454044,-3.073083342,1.839660739,-0.291549645,0.01166415,-16.80295703,6.24%,-15,1/24/2022,-16.80295703,-1,0,1
1/25/2022,10425350000,0.02642425,0.02612223,-3.020200139,0.0262,0.025810043,-3.899570395,0.778535524,1.843579987,-0.360433402,-0.002946292,-16.02442151,5.95%,-15,1/25/2022,-16.02442151,-1,0,1
1/26/2022,7619300000,0.026764867,0.02614918,-6.156893795,0.026525,0.025844102,-6.808976812,3.406169377,1.926885309,-0.251122434,-0.01272627,-12.61825213,4.67%,-15,1/26/2022,-12.61825213,-1,0,1
1/27/2022,7520000000,0.02698523,0.02651105,-4.741783742,0.0268,0.026252526,-5.474742379,2.203627918,1.957611811,-0.236795268,-0.008166052,-10.41462421,3.86%,-15,1/27/2022,-10.41462421,-1,1,1
1/28/2022,3198480000,0.026625711,0.02635463,-2.710784715,0.026415,0.026055926,-3.590735635,-3.59519208,1.99775093,-0.23792237,0.013502708,-14.00981629,5.21%,-15,1/28/2022,-14.00981629,-1,1,1
2/7/2022,37327830000,0.026875642,0.02644109,-4.34557744,0.026625,0.02611961,-5.053900013,2.499316548,2.009002852,-0.221807628,-0.00929956,2.499316548,-0.93%,15,2/7/2022,2.499316548,1,1,2
2/8/2022,11277550000,0.026858188,0.02626656,-5.916308517,0.0266,0.025938311,-6.61688861,-0.174542972,2.001693724,-0.268322773,0.000649869,2.324773576,-0.87%,15,2/8/2022,2.324773576,1,1,2
2/9/2022,9311370000,0.027028636,0.02648343,-5.452032661,0.026775,0.026152073,-6.229273376,1.704474741,2.024138203,-0.285481517,-0.006306181,4.029248317,-1.50%,15,2/9/2022,4.029248317,1,1,2
2/10/2022,7322500000,0.02705719,0.02647464,-5.8254706,0.0268,0.026161024,-6.389755747,0.285546757,1.993381194,-0.356854953,-0.001055345,4.314795074,-1.60%,15,2/10/2022,4.314795074,1,1,2
2/11/2022,13699920000,0.027726839,0.02703776,-6.890821561,0.0275,0.026725954,-7.740462837,6.6964881,2.224880373,0.233656762,-0.024151646,11.01128317,-4.02%,15,2/11/2022,11.01128317,1,1,2
2/14/2022,7144380000,0.027983122,0.02701084,-9.722831151,0.027725,0.026680371,-10.44628564,2.562827051,2.227971237,0.156704957,-0.009158474,13.57411023,-4.93%,15,2/14/2022,13.57411022,1,1,2
2/15/2022,6658000000,0.028024046,0.02696512,-10.58929502,0.027725,0.026623682,-11.01317566,0.409246583,2.166529242,0.158068229,-0.001460341,13.98335681,-5.08%,15,2/15/2022,13.98335681,1,1,2
2/16/2022,7588100000,0.027925343,0.02718512,-7.402242762,0.027675,0.026865052,-8.099483243,-0.987037103,2.140226583,0.145694203,0.003534557,12.99631971,-4.72%,15,2/16/2022,12.9963197,1,1,2
2/17/2022,4909300000,0.02755275,0.0269302,-6.225479013,0.027325,0.026604293,-7.207074355,-3.725923355,2.195164241,0.16336591,0.013522873,9.27039635,-3.37%,15,2/17/2022,9.27039635,1,1,2
2/18/2022,2540090000,0.027794131,0.02739904,-3.950894305,0.02755,0.027110693,-4.393066312,2.413809181,2.205914819,0.164052666,-0.0086846,11.68420553,-4.24%,15,2/18/2022,11.68420553,1,1,2
2/21/2022,3824000000,0.028279474,0.02769346,-5.860123905,0.028,0.02732074,-6.792602874,4.853423839,2.318941492,0.223589442,-0.017162356,16.53762937,-5.96%,15,2/21/2022,16.53762937,1,1,2
2/22/2022,5931600000,0.028269792,0.02774982,-5.19971289,0.028,0.027327702,-6.722983024,-0.096820559,2.316036606,0.243812087,0.000342488,16.44080881,-5.92%,15,2/22/2022,16.44080881,1,1,2
2/23/2022,9833120000,0.028170551,0.02767885,-4.917008686,0.02795,0.027354973,-5.950265422,-0.992404814,2.307168479,0.231117983,0.003522845,15.448404,-5.57%,15,2/23/2022,15.448404,1,1,2
2/24/2022,7234520000,0.027947124,0.02745884,-4.88284543,0.02775,0.027112521,-6.374787676,-2.234271361,2.319291809,0.296331417,0.007994638,13.21413264,-4.77%,15,2/24/2022,13.21413264,1,1,2
2/25/2022,6895100000,0.027876623,0.02736943,-5.071928276,0.02766,0.027095105,-5.648953195,-0.705010275,2.320191203,0.304368463,0.002529038,12.50912236,-4.52%,15,2/25/2022,12.50912236,1,1,2
2/28/2022,14616660000,0.027932723,0.02734413,-5.885902703,0.0277,0.027014981,-6.850192111,0.560995795,2.317478782,0.258488137,-0.002008382,13.07011816,-4.72%,15,2/28/2022,13.07011816,1,2,2
3/1/2022,9776830000,0.028149377,0.0275038,-6.455809935,0.027915,0.027183079,-7.319211201,2.166540827,2.326889967,0.252729774,-0.007696585,2.166540827,-0.77%,5,3/1/2022,2.166540827,1,2,3
3/2/2022,6070860000,0.028257968,0.02740039,-8.575782394,0.028035,0.027113658,-9.21342108,1.085908889,2.321038102,0.187528478,-0.003842841,3.252449716,-1.15%,5,3/2/2022,3.252449716,1,2,3
3/3/2022,10139700000,0.028530351,0.02791225,-6.180977034,0.0283,0.027590555,-7.094448694,2.723829569,2.354622303,0.148849969,-0.00954713,5.976279285,-2.11%,5,3/3/2022,5.976279285,1,2,3
3/4/2022,4555210000,0.028419776,0.02768768,-7.320999432,0.0282,0.027404325,-7.956749822,-1.105747571,2.348743296,0.210153903,0.003890768,4.870531714,-1.72%,5,3/4/2022,4.870531714,1,2,3
3/7/2022,3000300000,0.028181306,0.02766783,-5.134808202,0.02797,0.027397633,-5.723671676,-2.384696938,2.368218721,0.228210747,0.008461982,2.485834776,-0.87%,5,3/7/2022,2.485834776,1,2,3
3/8/2022,2842000000,0.028163389,0.02761227,-5.511188712,0.02795,0.027311358,-6.386418303,-0.179168876,2.366378988,0.246209039,0.000636177,2.3066659,-0.81%,5,3/8/2022,2.3066659,1,2,3
3/9/2022,4258140000,0.028426814,0.02790127,-5.255426287,0.0282,0.027527165,-6.72834554,2.634250197,2.396162722,0.217685484,-0.00926678,4.940916097,-1.74%,5,3/9/2022,4.940916097,1,2,3
3/10/2022,2276620000,0.028476276,0.02782228,-6.539954617,0.02825,0.027512978,-7.370220065,0.494616228,2.373077909,0.167124659,-0.001736941,5.435532325,-1.91%,5,3/10/2022,5.435532325,1,2,3
3/11/2022,2539300000,0.028563032,0.02781733,-7.45702081,0.0283,0.027359331,-9.406693048,0.86755902,2.345956823,0.109544769,-0.003037349,6.303091345,-2.21%,5,3/11/2022,6.303091345,1,2,3
3/14/2022,3609580000,0.027613455,0.02716173,-4.517212081,0.0274,0.026861291,-5.387092356,-9.495767624,2.687381397,-0.590598099,0.034388191,-3.192676278,1.22%,5,3/14/2022,-3.192676279,-1,2,3
3/15/2022,2688100000,0.027980005,0.02737439,-6.056170055,0.0278,0.027084235,-7.15764807,3.665501433,2.733454312,-0.619220477,-0.013100432,0.472825155,-0.09%,5,3/15/2022,0.472825154,1,2,3
3/16/2022,2742880000,0.028370582,0.02758734,-7.832452602,0.02815,0.027281235,-8.687652718,3.905764279,2.78525561,-0.636444489,-0.013766952,4.378589434,-1.46%,5,3/16/2022,4.378589433,1,2,3
3/17/2022,2181510000,0.028004353,0.02753908,-4.652693187,0.027825,0.027272377,-5.526230785,-3.662287321,2.82631196,-0.600816537,0.013077565,0.716302113,-0.15%,5,3/17/2022,0.716302112,1,2,3
3/18/2022,1503000000,0.028029771,0.02754925,-4.805205963,0.02782,0.027276733,-5.432673817,0.254182272,2.798812625,-0.666591292,-0.00090683,0.970484385,-0.24%,5,3/18/2022,0.970484384,1,2,3
3/21/2022,1895740000,0.028274328,0.02753957,-7.347577946,0.02805,0.027207937,-8.420627114,2.445569234,2.818138194,-0.679101118,-0.008649434,3.416053619,-1.11%,5,3/21/2022,3.416053618,1,2,3
3/22/2022,2740800000,0.028444631,0.02795471,-4.899245963,0.028225,0.027689868,-5.3513151,1.70302881,2.827436444,-0.698673807,-0.005987171,5.119082429,-1.71%,5,3/22/2022,5.119082428,1,2,3
3/23/2022,5509540000,0.028388918,0.02794292,-4.459959027,0.02818,0.027651838,-5.281616152,-0.557129365,2.826211399,-0.668082093,0.001962489,4.561953063,-1.51%,5,3/23/2022,4.561953063,1,2,3
3/24/2022,1674100000,0.028161352,0.0275903,-5.710491668,0.027975,0.027352463,-6.225373262,-2.275660003,2.823980801,-0.590513372,0.008080791,2.28629306,-0.70%,5,3/24/2022,2.28629306,1,2,3
3/25/2022,2127500000,0.028099036,0.02738208,-7.169583686,0.0279,0.027148733,-7.512668643,-0.623155412,2.824732935,-0.585113882,0.002217711,1.663137648,-0.48%,5,3/25/2022,1.663137648,1,2,3
3/28/2022,1662700000,0.028100787,0.02738379,-7.169984482,0.027875,0.027142159,-7.328410191,0.01750533,2.794953281,-0.646743538,-6.23E-05,1.680642978,-0.49%,5,3/28/2022,1.680642978,1,3,3
3/29/2022,1747300000,0.028117352,0.02735466,-7.626937189,0.027925,0.02710914,-8.158600656,0.165651875,2.790652054,-0.630117794,-0.000589145,1.846294853,-0.55%,5,3/29/2022,1.846294853,1,3,3
3/30/2022,1763700000,0.028090828,0.02731204,-7.787875034,0.027825,0.027052927,-7.720729613,-0.26523999,2.776578182,-0.670744986,0.000944223,1.581054863,-0.45%,5,3/30/2022,1.581054863,1,3,3
3/31/2022,1278520000,0.028037486,0.02740999,-6.274942611,0.027826,0.027171691,-6.543085201,-0.53341698,2.774520776,-0.68008784,0.001902514,1.047637882,-0.26%,5,3/31/2022,1.047637883,1,3,3
4/1/2022,781190000,0.028030341,0.02739499,-6.353543839,0.027825,0.027120123,-7.04877333,-0.07145621,2.774429476,-0.682073599,0.000254925,-0.07145621,0.03%,5,4/1/2022,-0.07145621,-1,3,4
4/6/2022,2190750000,0.027837588,0.02722152,-6.160652861,0.027625,0.026941752,-6.832479309,-1.927532108,2.786169171,-0.653218615,0.006924207,-1.998988317,0.72%,5,4/6/2022,-1.998988318,-1,3,4
4/7/2022,2378100000,0.027742254,0.02692979,-8.124634183,0.0275,0.026679666,-8.203339919,-0.953337421,2.647512847,-0.623162143,0.003436409,-2.952325738,1.06%,5,4/7/2022,-2.952325739,-1,3,4
4/8/2022,3331500000,0.027698983,0.02716577,-5.332088729,0.02745,0.026873958,-5.760424438,-0.432713143,2.612716392,-0.675057533,0.001562199,-3.385038881,1.22%,5,4/8/2022,-3.385038882,-1,3,4
4/11/2022,801000000,0.027884663,0.02711608,-7.685790251,0.02765,0.02685107,-7.989300429,1.856803781,2.621671349,-0.686200099,-0.006658871,-1.528235101,0.55%,5,4/11/2022,-1.528235101,-1,3,4
4/12/2022,1068200000,0.0278997,0.02735387,-5.458296845,0.0277,0.027062081,-6.379185257,0.150367546,2.577376625,-0.756388594,-0.000538958,-1.377867555,0.50%,5,4/12/2022,-1.377867555,-1,3,4
4/13/2022,676630000,0.027829783,0.02741295,-4.16829671,0.02763,0.027136611,-4.93389002,-0.699162899,2.537292392,-0.805479154,0.002512283,-2.077030454,0.75%,5,4/13/2022,-2.077030454,-1,3,4
4/14/2022,1130900000,0.027753568,0.02722375,-5.298167839,0.02755,0.026948469,-6.015307871,-0.762157233,2.540606631,-0.766442054,0.002746159,-2.839187687,1.02%,5,4/14/2022,-2.839187687,-1,3,4
4/15/2022,2963750000,0.027731203,0.02714998,-5.812224377,0.02752,0.026879675,-6.403253605,-0.223650382,2.501394385,-0.754208231,0.000806494,-3.062838069,1.10%,5,4/15/2022,-3.062838069,-1,3,4
4/18/2022,2030000000,0.02806706,0.02748643,-5.806301924,0.02785,0.027215336,-6.346636212,3.3585748,2.525072822,-0.731272337,-0.011966251,0.295736731,-0.09%,5,4/18/2022,0.295736731,1,3,4
4/19/2022,2681420000,0.028106636,0.02733626,-7.703753473,0.02785,0.027083209,-7.667907946,0.395757809,2.465705945,-0.809364098,-0.001408058,0.691494539,-0.23%,5,4/19/2022,0.69149454,1,3,4
4/20/2022,1909000000,0.028300067,0.0277657,-5.343709567,0.028075,0.027484339,-5.906611407,1.934309542,2.456862101,-0.81266519,-0.006835,2.625804081,-0.92%,5,4/20/2022,2.625804082,1,3,4
4/21/2022,2279100000,0.028275747,0.02775062,-5.251240402,0.028055,0.027407551,-6.474485522,-0.24319992,2.457137662,-0.810732916,0.000860101,2.382604162,-0.83%,5,4/21/2022,2.382604162,1,3,4
4/22/2022,241000000,0.028329325,0.02737784,-9.514849614,0.028075,0.02711767,-9.573304213,0.535783555,2.449054768,-0.793266287,-0.001891268,2.918387717,-1.02%,5,4/22/2022,2.918387717,1,3,4
4/25/2022,571390000,0.028253155,0.02746058,-7.925704778,0.02799,0.027155747,-8.342534604,-0.761704913,2.453222556,-0.764307564,0.002696,2.156682803,-0.75%,5,4/25/2022,2.156682804,1,3,4
4/26/2022,562200000,0.028325927,0.02741552,-9.104081646,0.028047,0.027101596,-9.454036543,0.727719066,2.274838533,-1.267590337,-0.002569092,2.884401869,-1.01%,5,4/26/2022,2.88440187,1,3,4
4/27/2022,686250000,0.028408948,0.02764089,-7.680553769,0.02815,0.027341191,-8.088089783,0.830216083,2.250425956,-1.287388726,-0.002922375,3.714617952,-1.30%,5,4/27/2022,3.714617953,1,4,4
4/28/2022,967180000,0.028510853,0.02771947,-7.913879164,0.028275,0.027426694,-8.483055303,1.01904376,2.25379907,-1.296951676,-0.003574231,4.733661711,-1.66%,5,4/28/2022,4.733661713,1,4,4
4/29/2022,1306420000,0.028392845,0.0276832,-7.096461026,0.02815,0.027402969,-7.470314061,-1.180073086,2.255817749,-1.289632619,0.004156234,3.553588625,-1.24%,5,4/29/2022,3.553588627,1,4,4
5/5/2022,375650000,0.028361644,0.02761522,-7.464214354,0.028125,0.027363081,-7.619193235,-0.312010031,2.189881412,-1.396861591,0.001100113,-0.312010031,0.11%,-10,5/5/2022,-0.312010031,-1,4,5
5/6/2022,410700000,0.028403462,0.02757849,-8.249687868,0.02816,0.027301002,-8.589977083,0.418175137,2.166533992,-1.408640635,-0.001472268,0.106165105,-0.04%,-10,5/6/2022,0.106165106,1,4,5
5/9/2022,824340000,0.028343028,0.02755219,-7.908373484,0.028075,0.027266027,-8.089731024,-0.604332985,2.060278919,-1.724674882,0.00213221,-0.49816788,0.18%,-10,5/9/2022,-0.498167879,-1,4,5
5/10/2022,858800000,0.028076932,0.02723681,-8.401215729,0.02785,0.026973861,-8.761391744,-2.660964255,2.094003373,-1.60982995,0.009477404,-3.159132135,1.12%,-10,5/10/2022,-3.159132134,-1,4,5
5/11/2022,1235000000,0.02812365,0.02753679,-5.868579039,0.0279,0.02724701,-6.529898887,0.467181528,2.090673996,-1.658480737,-0.00166117,-2.691950607,0.96%,-10,5/11/2022,-2.691950606,-1,4,5
5/12/2022,1548400000,0.02800628,0.02744914,-5.571358708,0.027775,0.027164347,-6.10652944,-1.173700989,2.073301203,-1.710338632,0.004190849,-3.865651596,1.38%,-10,5/12/2022,-3.865651595,-1,4,5
5/13/2022,2356000000,0.027918408,0.02750758,-4.108276096,0.0277,0.027198791,-5.012089409,-0.87871846,2.074644584,-1.702618314,0.003147452,-4.744370056,1.69%,-10,5/13/2022,-4.744370055,-1,4,5
5/16/2022,731100000,0.028036685,0.02746108,-5.75605125,0.027775,0.027159011,-6.159892831,1.182765862,2.079776921,-1.705215467,-0.004218637,-3.561604194,1.27%,-10,5/16/2022,-3.561604193,-1,4,5
5/17/2022,997000000,0.027987516,0.02757894,-4.085766579,0.027725,0.027194234,-5.307662603,-0.491686694,2.058109216,-1.703401958,0.001756807,-4.053290889,1.45%,-10,5/17/2022,-4.053290887,-1,4,5
5/18/2022,1241400000,0.027813939,0.0272412,-5.727368647,0.027575,0.026981972,-5.930280661,-1.735774662,2.065344849,-1.615855213,0.006240665,-5.78906555,2.07%,-10,5/18/2022,-5.789065549,-1,4,5
5/19/2022,1828800000,0.027849726,0.02706412,-7.856109366,0.0276,0.026779786,-8.20213667,0.357876951,2.027111839,-1.691662593,-0.001285029,-5.431188599,1.94%,-10,5/19/2022,-5.431188598,-1,4,5
5/20/2022,320100000,0.027939565,0.0270428,-8.967633339,0.027645,0.026788486,-8.56513831,0.898381378,2.027357021,-1.747223392,-0.003215445,-4.532807221,1.62%,-10,5/20/2022,-4.53280722,-1,4,5
5/23/2022,466260000,0.027747291,0.02684615,-9.011364928,0.027475,0.026615747,-8.5925331,-1.922738548,2.017936746,-1.771182224,0.006929464,-6.45554577,2.31%,-10,5/23/2022,-6.455545768,-1,4,5
5/24/2022,1089680000,0.027689402,0.0266891,-10.00305967,0.02745,0.026424698,-10.2530239,-0.578889492,2.019078293,-1.756227392,0.002090654,-7.034435262,2.52%,-10,5/24/2022,-7.03443526,-1,4,5
5/25/2022,858000000,0.027590803,0.02670914,-8.816584342,0.027325,0.026420829,-9.041714571,-0.985990429,1.984531473,-1.792132854,0.00357362,-8.02042569,2.88%,-10,5/25/2022,-8.020425689,-1,4,5
5/26/2022,6043420000,0.027025746,0.02658976,-4.35986812,0.026825,0.026357431,-4.675688525,-5.650569268,2.125052007,-1.635436787,0.020908097,-13.67099496,4.97%,-10,5/26/2022,-13.67099496,-1,4,5
5/27/2022,2050000000,0.027058585,0.02651385,-5.447328716,0.026838,0.026222167,-6.158330557,0.328396372,2.120513356,-1.633072871,-0.001213649,-13.34259859,4.85%,-10,5/27/2022,-13.34259859,-1,5,5
5/30/2022,1544300000,0.027218288,0.0267351,-4.831861252,0.027,0.026461035,-5.389647028,1.597025384,1.681809357,-0.283828286,-0.005867472,-11.7455732,4.26%,-10,5/30/2022,-11.7455732,-1,5,5
5/31/2022,1009490000,0.027607781,0.02683232,-7.754640856,0.02738,0.026576672,-8.03328107,3.894927726,1.692299671,-0.243335468,-0.01410808,-7.850645475,2.85%,-10,5/31/2022,-7.850645475,-1,5,5
6/1/2022,1481700000,0.027703788,0.02709281,-6.10980379,0.027469,0.02682135,-6.476503074,0.960074805,1.601552578,-0.484245225,-0.0034655,0.960074805,-0.35%,10,6/1/2022,0.960074805,1,5,6
6/2/2022,441060000,0.027669285,0.02701483,-6.544596178,0.02745,0.026727022,-7.229779901,-0.345032759,1.520657213,-0.44306912,0.001246988,0.615042046,-0.22%,10,6/2/2022,0.615042046,1,5,6
6/6/2022,795300000,0.027929095,0.02717697,-7.521243147,0.0277,0.026901261,-7.98739006,2.598099745,1.565309562,-0.397283865,-0.009302485,3.213141791,-1.15%,10,6/6/2022,3.213141791,1,5,6
6/7/2022,1499350000,0.027840994,0.02722482,-6.161750541,0.027625,0.026936892,-6.881079298,-0.881013551,1.529377594,-0.381390771,0.003164447,2.33212824,-0.84%,10,6/7/2022,2.33212824,1,5,6
6/8/2022,930200000,0.027707681,0.02719943,-5.082561966,0.027475,0.026920244,-5.547559035,-1.333122087,1.517340218,-0.311945344,0.004811381,0.999006153,-0.35%,10,6/8/2022,0.999006153,1,5,6
6/9/2022,626400000,0.027771025,0.02700406,-7.669686254,0.027525,0.02670712,-8.178801056,0.633435554,1.52006263,-0.355537008,-0.002280922,1.632441707,-0.58%,10,6/9/2022,1.632441707,1,5,6
6/10/2022,173300000,0.027642996,0.02695734,-6.856586184,0.027423,0.026707373,-7.156269726,-1.280287589,1.498106978,-0.360864474,0.004631508,0.352154118,-0.12%,10,6/10/2022,0.352154118,1,5,6
6/13/2022,383430000,0.027726333,0.02710916,-6.171757073,0.0275,0.026848874,-6.511256365,0.833367285,1.50187865,-0.412301118,-0.003005689,1.185521403,-0.42%,10,6/13/2022,1.185521403,1,5,6
6/14/2022,889420000,0.027885228,0.02717732,-7.079061963,0.02765,0.026886962,-7.630378855,1.588950793,1.519811282,-0.434822093,-0.005698181,2.774472197,-0.99%,10,6/14/2022,2.774472196,1,5,6
6/15/2022,1430100000,0.027959526,0.02721388,-7.456496866,0.027725,0.026927814,-7.971863639,0.74297951,1.523541977,-0.452301878,-0.002657339,3.517451707,-1.26%,10,6/15/2022,3.517451706,1,5,6
6/16/2022,760300000,0.027876345,0.0273198,-5.565483591,0.027657,0.027020172,-6.368275769,-0.831809078,1.527340002,-0.428876734,0.002983924,2.685642629,-0.96%,10,6/16/2022,2.685642628,1,5,6
6/17/2022,1580000000,0.026834861,0.02724951,4.146471857,0.0267,0.027000128,3.001280635,-10.41484147,2.10723588,-2.331368023,0.038810864,-7.729198841,2.92%,10,6/17/2022,-7.729198842,-1,5,6
6/20/2022,1091600000,0.027833004,0.02730027,-5.327321073,0.0276,0.027023183,-5.768165121,9.981428227,2.547393526,-0.231785141,-0.035861844,2.252229386,-0.66%,10,6/20/2022,2.252229385,1,5,6
6/21/2022,3794000000,0.027944073,0.02738762,-5.564571105,0.0277,0.027099979,-6.000209411,1.110693953,2.537850096,-0.298082748,-0.003974703,3.362923339,-1.06%,10,6/21/2022,3.362923338,1,5,6
6/22/2022,1397100000,0.027898041,0.02725583,-6.422124697,0.027675,0.02699625,-6.787504367,-0.460320585,2.535000344,-0.310091634,0.00165001,2.902602754,-0.89%,10,6/22/2022,2.902602753,1,5,6
6/23/2022,1270300000,0.027815197,0.02730294,-5.122598572,0.0276,0.027017409,-5.825906483,-0.828437255,2.537053142,-0.300364971,0.002978362,2.074165498,-0.60%,10,6/23/2022,2.074165498,1,5,6
6/24/2022,1185000000,0.02807786,0.02739095,-6.869055794,0.027825,0.027085301,-7.396989981,2.626623622,2.550434181,-0.300065666,-0.009354786,4.70078912,-1.53%,10,6/24/2022,4.70078912,1,5,6
6/27/2022,1970000000,0.028459759,0.0277244,-7.353574989,0.0282,0.027427824,-7.721762474,3.818995758,2.604784675,-0.305792266,-0.013418932,8.519784878,-2.87%,10,6/27/2022,8.519784878,1,6,6
6/28/2022,258390000,0.028529324,0.02787781,-6.515132525,0.028299,0.027581909,-7.170905077,0.695643604,2.603416494,-0.338568147,-0.002438346,9.215428482,-3.12%,10,6/28/2022,9.215428482,1,6,6
6/29/2022,510000000,0.028299577,0.02784797,-4.516058406,0.0281,0.027573827,-5.261729094,-2.297468419,2.622856498,-0.310588467,0.008118384,6.917960062,-2.31%,10,6/29/2022,6.917960063,1,6,6
6/30/2022,389080000,0.028241619,0.02763246,-6.091589637,0.02802,0.027344829,-6.751706392,-0.579578358,2.624232857,-0.302039083,0.002052214,6.338381704,-2.10%,10,6/30/2022,6.338381705,1,6,6
7/1/2022,690200000,0.028103852,0.02764577,-4.580868958,0.0279,0.027358492,-5.415076476,-1.377664855,2.590236215,-0.245733813,0.00490205,-1.377664855,0.49%,-15,7/1/2022,-1.377664855,-1,6,7
7/4/2022,640060000,0.028453108,0.02803088,-4.222270511,0.02825,0.027781934,-4.680664581,3.492557991,2.635413215,-0.258396239,-0.012274785,2.114893136,-0.74%,-15,7/4/2022,2.114893136,1,6,7
7/5/2022,1256000000,0.028514,0.02784918,-6.648254548,0.0283,0.027603165,-6.968346747,0.608918541,2.623158098,-0.238004646,-0.002135507,2.723811677,-0.95%,-15,7/5/2022,2.723811677,1,6,7
7/6/2022,1346000000,0.02831325,0.02780452,-5.087336774,0.0281,0.027551404,-5.485963267,-2.007496467,2.638588782,-0.202130026,0.007090307,0.71631521,-0.24%,-15,7/6/2022,0.71631521,1,6,7
7/7/2022,1732800000,0.028312783,0.02778182,-5.309624816,0.028125,0.027540529,-5.844708302,-0.004675069,2.637509286,-0.189865657,1.65E-05,0.711640142,-0.24%,-15,7/7/2022,0.711640141,1,6,7
7/8/2022,430770000,0.028244863,0.02784068,-4.041856722,0.02805,0.027596645,-4.533552949,-0.679199186,2.637060062,-0.191755169,0.002404682,0.032440955,0.00%,-15,7/8/2022,0.032440955,1,6,7
7/11/2022,431000000,0.028210617,0.02750958,-7.010392063,0.028,0.027249068,-7.509318283,-0.34245572,2.635395737,-0.167475191,0.001213925,-0.310014765,0.12%,-15,7/11/2022,-0.310014765,-1,6,7
7/12/2022,1825100000,0.028019113,0.02732752,-6.915936464,0.02782,0.02705392,-7.660803982,-1.915046093,2.645624034,-0.109563861,0.006834785,-2.225060858,0.81%,-15,7/12/2022,-2.225060858,-1,6,7
7/13/2022,1690130000,0.027923268,0.02715442,-7.688486098,0.0277,0.026906882,-7.931183913,-0.958451632,2.643709277,-0.065753925,0.003432448,-3.18351249,1.15%,-15,7/13/2022,-3.18351249,-1,6,7
7/14/2022,1158800000,0.027554518,0.0273042,-2.503176984,0.02735,0.027033871,-3.161287338,-3.687499059,2.686819457,-0.051995006,0.013382557,-6.871011549,2.49%,-15,7/14/2022,-6.871011549,-1,6,7
7/15/2022,3083740000,0.027489075,0.02720819,-2.808871454,0.0273,0.026941587,-3.584134936,-0.654431796,2.687614931,-0.044185242,0.002380698,-7.525443346,2.72%,-15,7/15/2022,-7.525443345,-1,6,7
7/18/2022,1044210000,0.027459788,0.02712804,-3.317435913,0.027239,0.026858211,-3.807885057,-0.292869205,2.686322083,-0.028095282,0.001066538,-7.81831255,2.83%,-15,7/18/2022,-7.81831255,-1,6,7
7/19/2022,1178000000,0.027453466,0.02729393,-1.595356878,0.02725,0.027015423,-2.345774484,-0.063213282,2.685715899,-0.040501829,0.000230256,-7.881525833,2.85%,-15,7/19/2022,-7.881525832,-1,6,7
7/20/2022,2331820000,0.027396382,0.0268852,-5.111874662,0.0272,0.026640726,-5.592737895,-0.570839001,2.662911816,-0.073464012,0.002083629,-8.452364834,3.06%,-15,7/20/2022,-8.452364833,-1,6,7
7/21/2022,1693300000,0.02713021,0.02705186,-0.783488287,0.02695,0.026786838,-1.631616663,-2.661726537,2.684674819,-0.016974202,0.009810932,-11.11409137,4.04%,-15,7/21/2022,-11.11409137,-1,6,7
7/22/2022,601200000,0.027237487,0.02667998,-5.575075619,0.027,0.026472101,-5.278992578,1.07276896,2.686778609,-0.065500214,-0.003938575,-10.04132241,3.65%,-15,7/22/2022,-10.04132241,-1,6,7
7/25/2022,923900000,0.027129528,0.0268272,-3.023294222,0.026925,0.026540536,-3.844636983,-1.079586872,2.688009482,-0.061224839,0.003979379,-11.12090928,4.05%,-15,7/25/2022,-11.12090928,-1,6,7
7/26/2022,1900000000,0.027065244,0.02684994,-2.153073608,0.026875,0.02657887,-2.961296872,-0.642835049,2.681944526,-0.022219872,0.002375131,-11.76374433,4.29%,-15,7/26/2022,-11.76374433,-1,6,7
7/27/2022,1475500000,0.02705974,0.02667927,-3.804678717,0.02685,0.026382987,-4.670130703,-0.055040324,2.681672809,-0.032269996,0.000203403,-11.81878466,4.31%,-15,7/27/2022,-11.81878466,-1,7,7
7/28/2022,2830000000,0.027213929,0.02686811,-3.458181824,0.027,0.026577046,-4.229535212,1.541886059,2.683037324,-0.098337556,-0.005665797,-10.2768986,3.74%,-15,7/28/2022,-10.2768986,-1,7,7
7/29/2022,1529820000,0.027018231,0.02655888,-4.593525343,0.026795,0.026290272,-5.047276937,-1.95698274,2.694340078,-0.050593655,0.007243194,-12.23388134,4.46%,-15,7/29/2022,-12.23388134,-1,7,7
8/1/2022,1540000000,0.026771031,0.02644527,-3.257621803,0.02655,0.026206714,-3.432860595,-2.471992742,2.708981037,0.013247609,0.009233834,-2.471992742,0.92%,-10,8/1/2022,-2.471992742,-1,7,8
8/2/2022,3705300000,0.026708705,0.02634226,-3.664453583,0.0265,0.026054949,-4.450512242,-0.623268303,2.698866688,-0.011401114,0.002333577,-3.095261045,1.16%,-10,8/2/2022,-3.095261045,-1,7,8
8/3/2022,3761980000,0.026632817,0.02624244,-3.903817928,0.0264,0.025963169,-4.368309972,-0.758872117,2.699479301,-0.007390084,0.002849387,-3.854133162,1.44%,-10,8/3/2022,-3.854133162,-1,7,8
8/4/2022,6047300000,0.026426341,0.02622797,-1.983678458,0.0262,0.025957883,-2.421174109,-2.064762427,2.709875611,0.011208714,0.007813274,-5.918895589,2.22%,-10,8/4/2022,-5.918895589,-1,7,8
8/5/2022,3170000000,0.02669814,0.02618289,-5.152454937,0.02645,0.025895813,-5.541868902,2.717987393,2.627268938,0.025017996,-0.010180437,-3.200908196,1.21%,-10,8/5/2022,-3.200908196,-1,7,8
8/8/2022,2185000000,0.026738741,0.02639346,-3.452867085,0.0265,0.026109531,-3.904692196,0.406013387,2.627524146,0.023232718,-0.001518446,-2.794894809,1.05%,-10,8/8/2022,-2.794894809,-1,7,8
8/9/2022,958900000,0.026711863,0.02652125,-1.90618054,0.0265,0.02624949,-2.505100383,-0.268781595,2.616897319,0.062349956,0.001006226,-3.063676404,1.15%,-10,8/9/2022,-3.063676404,-1,7,8
8/10/2022,1412100000,0.026664886,0.02645361,-2.112723694,0.02646,0.026192434,-2.675662853,-0.469775671,2.554183375,0.093776941,0.001761776,-3.533452076,1.33%,-10,8/10/2022,-3.533452075,-1,7,8
8/11/2022,4470000000,0.026780473,0.0263636,-4.168698913,0.02655,0.026106473,-4.435270364,1.155873942,2.556090832,0.089957214,-0.004316107,-2.377578134,0.90%,-10,8/11/2022,-2.377578133,-1,7,8
8/12/2022,423300000,0.026730032,0.0264211,-3.089358109,0.026525,0.026169275,-3.557246578,-0.504404795,2.556388176,0.093747823,0.001887034,-2.881982929,1.09%,-10,8/12/2022,-2.881982928,-1,7,8
8/15/2022,997590000,0.026209141,0.02587131,-3.378349192,0.026,0.025633535,-3.664652927,-5.208911766,2.619108911,0.10168578,0.019874408,-8.090894696,3.07%,-10,8/15/2022,-8.090894694,-1,7,8
8/16/2022,2960000000,0.025644715,0.02529427,-3.504428106,0.02545,0.025007571,-4.424291998,-5.644262825,2.721533738,0.046778956,0.022009458,-13.73515752,5.28%,-10,8/16/2022,-13.73515752,-1,7,8
8/17/2022,1622900000,0.025841593,0.02522169,-6.199072874,0.0256,0.024957472,-6.425278062,1.96878451,2.739046926,-0.013982382,-0.007618665,-11.76637301,4.51%,-10,8/17/2022,-11.76637301,-1,7,8
8/18/2022,2835000000,0.025606049,0.02534382,-2.622259765,0.0254,0.025129037,-2.709625018,-2.355441647,2.749021998,0.044705355,0.00919877,-14.12181466,5.43%,-10,8/18/2022,-14.12181466,-1,7,8
8/19/2022,1371000000,0.025712034,0.02509144,-6.205961431,0.0255,0.024879973,-6.200266516,1.059846546,2.754114175,-0.004233898,-0.004121986,-13.06196811,5.02%,-10,8/19/2022,-13.06196811,-1,7,8
8/22/2022,778150000,0.025715687,0.02522393,-4.917605855,0.025505,0.024971241,-5.337592024,0.03652898,2.749312324,0.011951326,-0.000142049,-13.02543913,5.01%,-10,8/22/2022,-13.02543913,-1,7,8
8/23/2022,1054000000,0.025777936,0.02538398,-3.939597324,0.025575,0.025174146,-4.008542553,0.622494831,2.738622599,0.027081013,-0.002414836,-12.4029443,4.77%,-10,8/23/2022,-12.4029443,-1,7,8
8/24/2022,742940000,0.025811446,0.02539649,-4.149545584,0.0256,0.025157536,-4.424636199,0.335099978,2.735747885,0.035236965,-0.001298261,-12.06784432,4.64%,-10,8/24/2022,-12.06784432,-1,7,8
8/25/2022,755000000,0.026217344,0.0254891,-7.282417146,0.025975,0.025257968,-7.17032118,4.05897342,2.806147196,0.00923803,-0.015482016,-8.008870904,3.09%,-10,8/25/2022,-8.008870901,-1,7,8
8/26/2022,1080020000,0.026109408,0.02565835,-4.510585922,0.0259,0.025402747,-4.972527755,-1.079352751,2.411933632,1.280760262,0.004133961,-9.088223655,3.50%,-10,8/26/2022,-9.088223652,-1,7,8
8/29/2022,570000000,0.026034585,0.02534709,-6.874914241,0.025825,0.025109015,-7.159853399,-0.748234234,1.930730847,-0.134172191,0.002874001,-9.836457889,3.79%,-10,8/29/2022,-9.836457886,-1,8,8
8/30/2022,1546820000,0.025913412,0.02527555,-6.378629924,0.0257,0.025060897,-6.39103169,-1.211727811,1.922717742,-0.072126736,0.004676064,-11.0481857,4.26%,-10,8/30/2022,-11.0481857,-1,8,8
8/31/2022,2064140000,0.025976027,0.02528902,-6.870049248,0.02575,0.025047653,-7.02346961,0.626152319,1.928114323,-0.103222996,-0.002410501,-10.42203338,4.01%,-10,8/31/2022,-10.42203338,-1,8,8
9/1/2022,1428230000,0.025884078,0.02539568,-4.883962299,0.02565,0.025115474,-5.345263628,-0.919498175,1.928575831,-0.10041632,0.00355237,-0.919498175,0.36%,10,9/1/2022,-0.919498175,-1,8,9
9/2/2022,1720000000,0.025711668,0.02534015,-3.715168442,0.0255,0.025092059,-4.079409596,-1.724100679,1.888408455,-0.055402978,0.006705519,-2.643598854,1.03%,10,9/2/2022,-2.643598854,-1,8,9
9/5/2022,931200000,0.025705279,0.02522855,-4.767269491,0.025475,0.024962311,-5.126893871,-0.063882282,1.787440002,-0.216174692,0.000248518,-2.707481137,1.05%,10,9/5/2022,-2.707481136,-1,8,9
9/6/2022,854750000,0.025680064,0.02509279,-5.872732264,0.02545,0.024836564,-6.134357959,-0.252156418,1.779126223,-0.193252963,0.000981915,-2.959637555,1.15%,10,9/6/2022,-2.959637554,-1,8,9
9/7/2022,926000000,0.025769937,0.02509865,-6.7128271,0.025513,0.024833098,-6.799017314,0.898728859,1.773314769,-0.275940079,-0.003487509,-2.060908696,0.80%,10,9/7/2022,-2.060908695,-1,8,9
9/8/2022,555000000,0.025772804,0.02526816,-5.046435767,0.02555,0.025026338,-5.236615085,0.028670995,1.774853435,-0.295862031,-0.000111245,-2.032237701,0.79%,10,9/8/2022,-2.0322377,-1,8,9
9/9/2022,2802000000,0.025819067,0.0254414,-3.776665099,0.0256,0.025184864,-4.151355845,0.462637369,1.775223484,-0.354055453,-0.001791844,-1.569600332,0.61%,10,9/9/2022,-1.569600331,-1,8,9
9/13/2022,1222000000,0.026035065,0.02560424,-4.30822275,0.02581,0.025386051,-4.239493214,2.159975593,1.725022162,-0.513594389,-0.008296409,0.590375261,-0.22%,10,9/13/2022,0.590375262,1,8,9
9/14/2022,1613530000,0.025769226,0.02508807,-6.81155975,0.02552,0.024824469,-6.955308702,-2.658385184,1.744176624,-0.425951035,0.010316123,-2.068009923,0.81%,10,9/14/2022,-2.068009922,-1,8,9
9/15/2022,1980430000,0.026069371,0.02565956,-4.098150546,0.02585,0.025402836,-4.471639822,3.001443585,1.800465492,-0.39043684,-0.011513295,0.933433662,-0.34%,10,9/15/2022,0.933433663,1,8,9
9/16/2022,933600000,0.026318531,0.02588218,-4.363487111,0.0261,0.025637807,-4.621926054,2.491603283,1.84611904,-0.362820235,-0.009467106,3.425036944,-1.29%,10,9/16/2022,3.425036946,1,8,9
9/19/2022,2545380000,0.026323492,0.0258087,-5.147965722,0.026075,0.02555802,-5.169795454,0.049608157,1.846725058,-0.386513804,-0.000188456,3.474645101,-1.31%,10,9/19/2022,3.474645103,1,8,9
9/20/2022,2597000000,0.02605917,0.02574152,-3.176499214,0.02585,0.025493063,-3.56937039,-2.643223915,1.873578961,-0.330284392,0.010143163,0.831421186,-0.29%,10,9/20/2022,0.831421188,1,8,9
9/21/2022,1389500000,0.026022801,0.02568475,-3.38049385,0.0258,0.025433169,-3.668306261,-0.363685282,1.861540792,-0.377835264,0.001397564,0.467735904,-0.15%,10,9/21/2022,0.467735906,1,8,9
9/22/2022,710000000,0.025995071,0.02557183,-4.232383475,0.025775,0.025311127,-4.638734601,-0.277295692,1.859890372,-0.400935678,0.001066724,0.190440212,-0.04%,10,9/22/2022,0.190440214,1,8,9
9/23/2022,2340000000,0.026112303,0.02577196,-3.403443396,0.0259,0.025519888,-3.801120808,1.17231689,1.811144404,-0.462274433,-0.004489519,1.362757102,-0.49%,10,9/23/2022,1.362757104,1,8,9
9/26/2022,2344400000,0.026526307,0.02607788,-4.484233006,0.0263,0.025820142,-4.798577695,4.140037073,1.913269198,-0.291415799,-0.015607288,5.502794174,-2.05%,10,9/26/2022,5.502794177,1,8,9
9/27/2022,1334400000,0.026516865,0.02617397,-3.428961736,0.0263,0.025915977,-3.840230447,-0.09442061,1.913262817,-0.297830477,0.000356078,5.408373565,-2.02%,10,9/27/2022,5.408373567,1,9,9
9/28/2022,1361800000,0.026719594,0.0262256,-4.939910402,0.0265,0.025955849,-5.441509419,2.027288158,1.938224448,-0.322402597,-0.007587272,7.435661723,-2.78%,10,9/28/2022,7.435661725,1,9,9
9/29/2022,2120000000,0.026918451,0.0265176,-4.008523989,0.0267,0.026247653,-4.523467117,1.988574558,1.960023335,-0.365698709,-0.007387403,9.424236281,-3.52%,10,9/29/2022,9.424236283,1,9,9
9/30/2022,1326970000,0.026931021,0.02652449,-4.065319292,0.0267,0.026243063,-4.569369443,0.125696887,1.925580792,-0.426421138,-0.000466736,9.549933168,-3.56%,10,9/30/2022,9.54993317,1,9,9
10/10/2022,1212910000,0.026747839,0.02621272,-5.351227087,0.0265,0.025928688,-5.713121445,-1.831821543,1.934929706,-0.347667579,0.006848484,-2.164671518,0.80%,-15,10/10/2022,-1.831821543,-1,9,10
10/11/2022,2498000000,0.026634175,0.02628433,-3.498441313,0.0264,0.025999645,-4.003553748,-1.136633144,1.935524928,-0.346020226,0.004267574,-3.301304661,1.23%,-15,10/11/2022,-2.968454687,-1,9,10
10/12/2022,890120000,0.026647166,0.02627997,-3.67191642,0.026398,0.025991845,-4.061550941,0.129905368,1.934206012,-0.370955223,-0.000487502,-3.171399294,1.18%,-15,10/12/2022,-2.838549319,-1,9,10
10/13/2022,887140000,0.026515361,0.02616103,-3.543297625,0.026275,0.025885813,-3.891865983,-1.318049393,1.941899848,-0.331617699,0.00497089,-4.489448687,1.68%,-15,10/13/2022,-4.156598712,-1,9,10
10/14/2022,793750000,0.026313275,0.02607643,-2.368409304,0.0261,0.02580221,-2.977904967,-2.020862163,1.945382039,-0.24865923,0.00768001,-6.51031085,2.44%,-15,10/14/2022,-6.177460875,-1,9,10
10/17/2022,440000000,0.026298152,0.02604741,-2.507450068,0.026075,0.025778696,-2.96303598,-0.151225208,1.928750796,-0.296955451,0.000575041,-6.661536058,2.50%,-15,10/17/2022,-6.328686083,-1,9,10
10/18/2022,1525000000,0.026263736,0.0258773,-3.864353988,0.02605,0.025620966,-4.290343271,-0.344164332,1.900178997,-0.341948422,0.001310417,-7.00570039,2.63%,-15,10/18/2022,-6.672850415,-1,9,10
10/19/2022,2691200000,0.026263111,0.02587732,-3.8579386,0.02605,0.025630941,-4.190585074,-0.006242737,1.898753159,-0.362395062,2.38E-05,-7.011943127,2.63%,-15,10/19/2022,-6.679093152,-1,9,10
10/20/2022,2364810000,0.026303081,0.02608782,-2.152571967,0.0261,0.025805758,-2.942416693,0.399697482,1.897507332,-0.399629086,-0.001519584,-6.612245645,2.48%,-15,10/20/2022,-6.27939567,-1,9,10
10/21/2022,1592200000,0.026359108,0.02598838,-3.707242807,0.026145,0.025727909,-4.170910994,0.560269148,1.877688861,-0.473293934,-0.002125524,-6.051976498,2.27%,-15,10/21/2022,-5.719126522,-1,9,10
10/24/2022,1610000000,0.026318913,0.02603254,-2.863712342,0.0261,0.025782196,-3.178040698,-0.401948531,1.837287647,-0.468063013,0.001527223,-6.453925029,2.42%,-15,10/24/2022,-6.121075053,-1,9,10
10/25/2022,1640620000,0.026328493,0.02609555,-2.329427109,0.026125,0.025844715,-2.802851329,0.095795537,1.836173428,-0.45881833,-0.000363847,-6.358129492,2.39%,-15,10/25/2022,-6.025279516,-1,9,10
10/26/2022,2055000000,0.02615037,0.02587762,-2.727481734,0.02595,0.025594964,-3.550361388,-1.781225222,1.851395268,-0.412967789,0.006811472,-8.139354714,3.07%,-15,10/26/2022,-7.806504738,-1,9,10
10/27/2022,1256550000,0.026048077,0.0256619,-3.861803055,0.02585,0.025411046,-4.389536651,-1.022936474,1.855147291,-0.394310032,0.003927109,-9.162291188,3.46%,-15,10/27/2022,-8.829441212,-1,10,10
10/28/2022,690000000,0.025980859,0.02570034,-2.805233612,0.025775,0.025444338,-3.306624261,-0.672179422,1.847574057,-0.345338931,0.00258721,-9.83447061,3.72%,-15,10/28/2022,-9.501620634,-1,10,10
10/31/2022,801460000,0.025639021,0.02532935,-3.096696622,0.02545,0.025078944,-3.710563507,-3.418374675,1.902658723,-0.32488568,0.013332703,-13.25284528,5.05%,-15,10/31/2022,-12.91999531,-1,10,10
11/1/2022,166950000,0.025860477,0.02546151,-3.989694153,0.02565,0.025201874,-4.481264203,2.214553,1.793959146,-0.148734641,-0.008563466,-12.61798197,4.21%,10,11/1/2022,2.214553,1,10,11
11/2/2022,2846500000,0.02604799,0.025765,-2.829944472,0.025845,0.025508807,-3.361934586,1.875139042,1.627825462,0.377749422,-0.007198786,-10.74284293,3.49%,10,11/2/2022,4.089692042,1,10,11
11/3/2022,927770000,0.025998766,0.02569145,-3.073170739,0.0258,0.025414683,-3.853166708,-0.492242316,1.607064605,0.452976065,0.00189333,-11.23508524,3.68%,10,11/3/2022,3.597449726,1,10,11
11/4/2022,1388000000,0.026250254,0.02589247,-3.577874111,0.02605,0.025672316,-3.776844004,2.514880268,1.607039242,0.40894491,-0.009580403,-8.720204973,2.72%,10,11/4/2022,6.112329994,1,10,11
11/7/2022,518000000,0.026081879,0.02574926,-3.326183194,0.0259,0.025502883,-3.971167646,-1.683750788,1.621091776,0.47041924,0.006455635,-10.40395576,3.37%,10,11/7/2022,4.428579206,1,10,11
11/8/2022,439000000,0.026182797,0.02579273,-3.900672375,0.026,0.025527004,-4.729963432,1.009181418,1.62635314,0.432785607,-0.003854368,-9.394774343,2.98%,10,11/8/2022,5.437760624,1,10,11
11/9/2022,680000000,0.026103031,0.02585518,-2.478546919,0.025925,0.025631383,-2.936166774,-0.797662913,1.629263664,0.480326492,0.003055825,-10.19243726,3.29%,10,11/9/2022,4.640097711,1,10,11
11/10/2022,1351390000,0.026107115,0.02578877,-3.183456546,0.025925,0.025529942,-3.950576439,0.040841848,1.628808849,0.4918126,-0.00015644,-10.15159541,3.27%,10,11/10/2022,4.680939559,1,10,11
11/11/2022,1321100000,0.026325885,0.02617274,-1.531427234,0.02615,0.025922008,-2.279921441,2.187702288,1.556360928,0.340824276,-0.008310081,-7.96389312,2.44%,10,11/11/2022,6.868641847,1,10,11
11/14/2022,3490000000,0.027152206,0.02686844,-2.837644891,0.027,0.026675672,-3.243277626,8.263203393,1.929130399,1.490298328,-0.030432899,0.299310273,-0.60%,10,11/14/2022,15.13184524,1,10,11
11/16/2022,4833080000,0.027347258,0.02725787,-0.893905906,0.0272,0.027027118,-1.728818177,1.950522891,1.93933247,1.398202615,-0.007132426,2.249833164,-1.31%,10,11/16/2022,17.08236813,1,10,11
11/17/2022,241270000,0.027116561,0.02698643,-1.301282671,0.02699,0.026751542,-2.384582249,-2.306974244,1.961914658,1.347435611,0.008507621,-0.05714108,-0.46%,10,11/17/2022,14.77539389,1,10,11
11/18/2022,648000000,0.027504488,0.02699339,-5.110974745,0.027325,0.026752761,-5.722386838,3.879276758,2.026499073,1.242556806,-0.014104159,3.822135678,-1.87%,10,11/18/2022,18.65467065,1,10,11
11/21/2022,783800000,0.027380026,0.02683571,-5.443149089,0.0272,0.026621212,-5.787882341,-1.244621347,2.030936686,1.239688641,0.004545727,2.577514331,-1.42%,10,11/21/2022,17.4100493,1,10,11
11/22/2022,55000000,0.027589923,0.02698281,-6.07116888,0.0274,0.026733787,-6.662130862,2.098968005,2.025282065,1.168288725,-0.007607734,4.676482335,-2.18%,10,11/22/2022,19.5090173,1,10,11
11/23/2022,650000000,0.027139746,0.02672723,-4.125186677,0.02695,0.026499019,-4.509814082,-4.501769905,2.136775707,0.878260138,0.016587369,0.17471243,-0.52%,10,11/23/2022,15.0072474,1,10,11
11/25/2022,497500000,0.027084778,0.02667002,-4.147587443,0.026743,0.026497531,-2.45468692,-0.549680136,2.138681983,0.88361698,0.00202948,-0.374967706,-0.32%,10,11/25/2022,14.45756726,1,10,11
11/25/2022,966000000,0.027084778,0.02667002,-4.147587443,0.0269,0.026497531,-4.02468692,0,2.137190428,0.910942208,0,-0.374967706,-0.32%,10,11/25/2022,14.45756726,1,10,11
11/28/2022,341000000,0.027476182,0.02696616,-5.100196413,0.0273,0.026712147,-5.878531082,3.914037396,2.197055462,0.82369914,-0.014245201,3.53906969,-1.74%,10,11/28/2022,18.37160466,1,11,11
11/29/2022,1932400000,0.027971486,0.02737435,-5.971368475,0.0278,0.027156277,-6.437232941,4.953047768,2.290015117,0.774529524,-0.017707489,8.492117458,-3.51%,10,11/29/2022,23.32465243,1,11,11
11/30/2022,2835720000,0.02789094,0.02730073,-5.902150382,0.027725,0.027067633,-6.573671246,-0.805462812,2.28284475,0.850000026,0.002887901,7.686654646,-3.22%,10,11/30/2022,22.51918961,1,11,11
12/1/2022,1514000000,0.027760279,0.02728742,-4.728586755,0.027598,0.027080972,-5.17027597,-1.30660928,2.254636054,0.886744868,0.004706758,-9.527389736,3.39%,-20,12/1/2022,-1.30660928,-1,11,12
12/2/2022,540600000,0.027656492,0.02738806,-2.684361244,0.0275,0.027165013,-3.349872027,-1.037876376,2.232166607,0.987599872,0.003752741,-10.56526611,3.77%,-20,12/2/2022,-2.344485656,-1,11,12
12/5/2022,162610000,0.02782679,0.02742125,-4.055379704,0.027666,0.027216278,-4.497223445,1.702981721,2.219498432,1.012222852,-0.006119936,-8.862284392,3.16%,-20,12/5/2022,-0.641503935,-1,11,12
12/6/2022,28000000,0.027956813,0.0274814,-4.754116495,0.0278,0.02724283,-5.571697694,1.300229255,2.223560274,0.973783099,-0.004650849,-7.562055137,2.69%,-20,12/6/2022,0.65872532,1,11,12
12/7/2022,287700000,0.028093711,0.02754079,-5.529262428,0.02793,0.027338077,-5.919227298,1.36898043,2.187031079,0.963716776,-0.004872907,-6.193074708,2.20%,-20,12/7/2022,2.02770575,1,11,12
12/8/2022,855000000,0.027964195,0.02730336,-6.608387281,0.027803,0.027100533,-7.024665385,-1.295159351,2.19745814,0.967595921,0.004631492,-7.488234058,2.67%,-20,12/8/2022,0.732546399,1,11,12
12/9/2022,30000000,0.027731432,0.02723122,-5.002118195,0.0276,0.027051005,-5.489946496,-2.327630908,2.228408456,0.947983623,0.008393475,-9.815864967,3.51%,-20,12/9/2022,-1.595084509,-1,11,12
12/12/2022,495700000,0.028056534,0.0274692,-5.87330816,0.0279,0.027285034,-6.149659315,3.251022448,2.262542195,0.891468771,-0.011587399,-6.564842518,2.35%,-20,12/12/2022,1.655937939,1,11,12
12/13/2022,365000000,0.028001787,0.02779925,-2.025411863,0.027907,0.027582509,-3.244909516,-0.547470846,2.201457068,0.995955437,0.001955128,-7.112313364,2.54%,-20,12/13/2022,1.108467093,1,11,12
12/14/2022,86960000,0.028028755,0.02742592,-6.028349355,0.0279,0.027212724,-6.87276132,0.269685715,2.200758651,0.986781787,-0.000962175,-6.842627649,2.45%,-20,12/14/2022,1.378152808,1,11,12
12/15/2022,66000000,0.027722328,0.02755553,-1.667959451,0.0276,0.027376819,-2.231806521,-3.064278095,2.236101566,1.001852137,0.011053466,-9.906905745,3.55%,-20,12/15/2022,-1.686125287,-1,11,12
12/16/2022,106280000,0.027822445,0.02736972,-4.527224655,0.02771,0.027152018,-5.579819855,1.001173209,2.224553757,1.035250823,-0.003598437,-8.905732536,3.19%,-20,12/16/2022,-0.684952078,-1,11,12
12/19/2022,901940000,0.027684512,0.02721004,-4.744759105,0.02755,0.026986543,-5.634573699,-1.379333046,2.235252306,1.055106393,0.004982328,-10.28506558,3.69%,-20,12/19/2022,-2.064285124,-1,11,12
12/20/2022,70300000,0.027093438,0.02703123,-0.622059612,0.027,0.026845222,-1.547778378,-5.910740723,2.376112578,0.654225124,0.021816134,-16.19580631,5.87%,-20,12/20/2022,-7.975025847,-1,11,12
12/21/2022,210000000,0.027686224,0.02705482,-6.31408654,0.02755,0.026878131,-6.718687097,5.927867462,2.506665075,0.648302478,-0.021410892,-10.26793884,3.73%,-20,12/21/2022,-2.047158385,-1,11,12
12/22/2022,642280000,0.027539225,0.0268703,-6.689236102,0.0274,0.026668166,-7.318343713,-1.469990999,2.517675763,0.673021947,0.005337808,-11.73792984,4.26%,-20,12/22/2022,-3.517149384,-1,11,12
12/23/2022,132000000,0.027244031,0.02721517,-0.288574712,0.0271,0.027017078,-0.829219297,-2.951938217,2.547315708,0.65539618,0.010835174,-14.68986806,5.35%,-20,12/23/2022,-6.469087601,-1,11,12
12/27/2022,150000000,0.027341554,0.02718158,-1.599728318,0.02722,0.027000069,-2.199314142,0.975229214,2.53083092,0.608692467,-0.003566839,-13.71463885,4.99%,-20,12/27/2022,-5.493858387,-1,12,12
12/28/2022,1036000000,0.027309985,0.02723861,-0.713795702,0.0272,0.027031999,-1.680010273,-0.315697965,2.531399463,0.612180053,0.00115598,-14.03033681,5.11%,-20,12/28/2022,-5.809556352,-1,12,12
12/29/2022,182900000,0.027294979,0.02725273,-0.422493395,0.02715,0.027043968,-1.060324515,-0.150059399,2.530707082,0.608089113,0.000549769,-14.18039621,5.16%,-20,12/29/2022,-5.959615751,-1,12,12
12/30/2022,121240000,0.027097693,0.02709219,-0.05504745,0.02695,0.026870774,-0.792263622,-1.972853108,2.548920937,0.630012571,0.00728052,-16.15324932,5.89%,-20,12/30/2022,-7.932468859,-1,12,12
1/3/2023,22090000,0.027244297,0.0270414,-2.029009701,0.0271,0.026827032,-2.729676368,1.466035191,2.555232585,0.602229634,-0.005381072,-12.5437811,4.67%,-10,1/3/2023,1.466035191,1,12,13
1/4/2023,501130000,0.02715453,0.02676439,-3.901371063,0.027,0.026545842,-4.541575526,-0.897669287,2.559136452,0.633088608,0.003305781,-13.44145039,5.00%,-10,1/4/2023,0.568365904,1,12,13
1/5/2023,1344500000,0.027175255,0.02694582,-2.294373121,0.027038,0.026712894,-3.251061063,0.207247551,2.557886269,0.619499346,-0.000762633,-13.23420284,4.92%,-10,1/5/2023,0.775613455,1,12,13
1/6/2023,1513990000,0.027264006,0.02705866,-2.053487955,0.027125,0.026850774,-2.742259888,0.887512722,2.559819845,0.59941253,-0.003255254,-12.34669011,4.60%,-10,1/6/2023,1.663126177,1,12,13
1/9/2023,1180000000,0.027344735,0.02716507,-1.796608136,0.0272,0.026937086,-2.629140514,0.807290575,2.545624451,0.556405593,-0.002952271,-11.53939954,4.30%,-10,1/9/2023,2.470416752,1,12,13
1/10/2023,2099560000,0.027753135,0.02724171,-5.114246501,0.0276,0.02703764,-5.623603673,4.083999438,2.594923549,0.472934731,-0.014715453,-7.455400101,2.83%,-10,1/10/2023,6.55441619,1,12,13
1/11/2023,810000000,0.027530956,0.02710972,-4.212349414,0.0274,0.026907076,-4.929244261,-2.221792276,2.616007619,0.480050758,0.00807016,-9.677192377,3.64%,-10,1/11/2023,4.332623914,1,12,13
1/12/2023,1771020000,0.027559705,0.02733803,-2.216785473,0.027417,0.027134457,-2.825433609,0.287497649,2.561248555,0.485574834,-0.001043181,-9.389694728,3.54%,-10,1/12/2023,4.620121563,1,12,13
1/13/2023,2370000000,0.0276932,0.0275039,-1.893014163,0.02755,0.027305279,-2.447206818,1.334940638,2.55161846,0.505876459,-0.004820464,-8.05475409,3.05%,-10,1/13/2023,5.955062201,1,12,13
1/16/2023,3069080000,0.027834586,0.02781555,-0.190351185,0.0277,0.027593732,-1.062677097,1.413866997,2.546977071,0.517000828,-0.005079533,-6.640887093,2.55%,-10,1/16/2023,7.368929198,1,12,13
1/17/2023,286050000,0.027828596,0.02760135,-2.272507197,0.0277,0.027401218,-2.987823155,-0.059899684,2.544811146,0.508486927,0.000215245,-6.700786777,2.57%,-10,1/17/2023,7.309029514,1,12,13
1/18/2023,1634000000,0.027697559,0.0275846,-1.129645227,0.027566,0.027387773,-1.78227178,-1.310367862,2.536544108,0.588316339,0.004730987,-8.011154639,3.04%,-10,1/18/2023,5.998661652,1,12,13
1/19/2023,2430000,0.027779161,0.0276043,-1.74860764,0.02765,0.027422582,-2.274181913,0.81601255,2.521751438,0.547458456,-0.002937499,-7.19514209,2.75%,-10,1/19/2023,6.814674202,1,12,13
1/20/2023,137200000,0.027699793,0.02777773,0.779358367,0.027599,0.027614102,0.151015232,-0.793675772,2.524804811,0.587408454,0.002865277,-7.988817862,3.03%,-10,1/20/2023,6.02099843,1,12,13
1/30/2023,388200000,0.027522538,0.02761625,0.937119019,0.0274,0.027421426,0.214260574,-1.772550399,2.536967431,0.593162683,0.00644036,-9.761368261,3.68%,-10,1/30/2023,4.248448031,1,13,13
2/1/2023,459730000,0.027625424,0.02734542,-2.800007419,0.02738,0.02710879,-2.712104609,1.028859897,2.538844418,0.568308624,-0.003724323,14.09897805,-5.09%,20,2/1/2023,1.028859897,1,13,14
2/1/2023,24500000,0.027625424,0.02734542,-2.800007419,0.0275,0.02710879,-3.912104609,0,2.524810607,0.622848788,0,14.09897805,-5.09%,20,2/1/2023,1.028859897,1,13,14
2/6/2023,101400000,0.02768721,0.02744157,-2.456374725,0.02755,0.027217317,-3.326833646,0.617859439,2.252286804,0.162476184,-0.00223157,14.71683749,-5.31%,20,2/6/2023,1.646719336,1,13,14
2/6/2023,128500000,0.02768721,0.02744157,-2.456374725,0.02755,0.027217317,-3.326833646,0,2.236857516,0.208271373,0,14.71683749,-5.31%,20,2/6/2023,1.646719336,1,13,14
2/7/2023,690000000,0.027760799,0.02735858,-4.022181866,0.027611,0.027152941,-4.58059345,0.735890845,2.21267725,0.156136986,-0.002650827,15.45272834,-5.58%,20,2/7/2023,2.382610181,1,13,14
2/8/2023,555000000,0.027842788,0.02746606,-3.767312418,0.0277,0.027279351,-4.206492344,0.81989385,2.149519299,0.149534304,-0.002944726,16.27262219,-5.87%,20,2/8/2023,3.202504031,1,13,14
2/9/2023,300000000,0.027825429,0.02737499,-4.504445125,0.02768,0.027213464,-4.66535885,-0.173591583,2.141657483,0.124959526,0.000623859,16.0990306,-5.81%,20,2/9/2023,3.028912448,1,13,14
2/10/2023,51000000,0.027836128,0.0275045,-3.316321719,0.027675,0.027319918,-3.550817911,0.106985751,2.12233905,0.168965102,-0.000384341,16.20601635,-5.85%,20,2/10/2023,3.135898199,1,13,14
2/13/2023,17000000,0.027820894,0.02743423,-3.866653942,0.027675,0.027249879,-4.251211249,-0.152336008,2.020726274,0.298080049,0.00054756,16.05368035,-5.80%,20,2/13/2023,2.983562191,1,13,14
2/14/2023,71020000,0.027847746,0.02727051,-5.772384539,0.0277,0.027089195,-6.108054979,0.26851443,2.018417062,0.27483826,-0.000964223,16.32219478,-5.89%,20,2/14/2023,3.252076621,1,13,14
2/15/2023,10400000,0.027763725,0.02741067,-3.530549877,0.027631,0.027232139,-3.988605865,-0.840206816,2.02310959,0.296198119,0.003026276,15.48198796,-5.59%,20,2/15/2023,2.411869805,1,13,14
2/16/2023,53500000,0.027632758,0.02739967,-2.330900212,0.0275,0.027221474,-2.785260542,-1.309669429,1.959168559,0.335077278,0.004739554,14.17231853,-5.12%,20,2/16/2023,1.102200376,1,13,14
2/17/2023,438000000,0.027656977,0.02742546,-2.315219184,0.027525,0.027225266,-2.997337615,0.242186729,1.829176011,0.169476473,-0.00087568,14.41450526,-5.20%,20,2/17/2023,1.344387105,1,13,14
2/20/2023,1750000000,0.027730945,0.02727222,-4.587254247,0.0276,0.027092986,-5.070136419,0.739683424,1.829421991,0.120266253,-0.002667357,15.15418868,-5.47%,20,2/20/2023,2.084070529,1,13,14
2/21/2023,270000000,0.027931399,0.02734044,-5.909571421,0.0278,0.027175628,-6.243719002,2.004536147,1.841970746,0.041263279,-0.007176641,17.15872483,-6.19%,20,2/21/2023,4.088606676,1,13,14
2/22/2023,12500000,0.027879778,0.02739779,-4.819839997,0.027751,0.027246348,-5.046519001,-0.516211552,1.837340191,0.027551845,0.001851563,16.64251328,-6.00%,20,2/22/2023,3.572395124,1,13,14
2/23/2023,120000000,0.027847517,0.02748314,-3.643787338,0.027725,0.027326998,-3.980016023,-0.322606154,1.822601059,0.081296112,0.001158474,16.31990712,-5.89%,20,2/23/2023,3.24978897,1,13,14
2/24/2023,45800000,0.027922863,0.02741252,-5.103400602,0.0278,0.027227091,-5.72908838,0.753459762,1.816421705,0.094708602,-0.002698361,17.07336689,-6.16%,20,2/24/2023,4.003248732,1,13,14
2/27/2023,432300000,0.028048275,0.0272518,-7.96477696,0.0279,0.027109771,-7.90228664,1.254123405,1.814752242,0.096818239,-0.004471303,18.32749029,-6.60%,20,2/27/2023,5.257372137,1,14,14
2/28/2023,202310000,0.028038166,0.0273651,-6.73062936,0.0279,0.027174167,-7.258325752,-0.101092045,1.805504097,0.064843387,0.000360552,18.22639825,-6.57%,20,2/28/2023,5.156280092,1,14,14
3/1/2023,145230000,0.027963759,0.02750384,-4.59916508,0.027825,0.027324443,-5.005568875,-0.744067504,1.777813343,0.058374288,0.002660828,0.303570378,0.00%,-10,3/1/2023,-0.744067504,-1,14,15
3/2/2023,605890000,0.027925526,0.02754597,-3.795573537,0.027799,0.027399168,-3.998315296,-0.382329601,1.718613799,0.061475839,0.001369104,-0.078759223,0.14%,-10,3/2/2023,-1.126397105,-1,14,15
3/3/2023,690000000,0.028023477,0.02750315,-5.203321021,0.0279,0.027337764,-5.622362075,0.979502207,1.722641894,0.010871157,-0.003495292,0.900742985,-0.21%,-10,3/3/2023,-0.146894898,-1,14,15
3/6/2023,1895410000,0.027727285,0.02748752,-2.397673303,0.0276,0.027320712,-2.79288201,-2.961917212,1.771407067,0.026015078,0.01068232,-2.061174228,0.86%,-10,3/6/2023,-3.10881211,-1,14,15
3/7/2023,340640000,0.027727476,0.02722878,-4.98698018,0.0276,0.027040288,-5.597117456,0.001907388,1.718639399,0.028186815,-6.88E-06,-2.05926684,0.86%,-10,3/7/2023,-3.106904722,-1,14,15
3/8/2023,793990000,0.02777878,0.02710696,-6.718209228,0.02765,0.026953478,-6.9652167,0.513040825,1.71431136,0.042472524,-0.00184688,-1.546226015,0.67%,-10,3/8/2023,-2.593863897,-1,14,15
3/9/2023,184190000,0.027731986,0.02719597,-5.360139592,0.0276,0.027024314,-5.756862175,-0.467934325,1.704458158,0.020448743,0.001687345,-2.01416034,0.84%,-10,3/9/2023,-3.061798222,-1,14,15
3/10/2023,1029390000,0.027600766,0.02743735,-1.634147986,0.027486,0.027277573,-2.0842711,-1.312207457,1.493543822,1.109861734,0.004754243,-3.326367797,1.32%,-10,3/10/2023,-4.374005679,-1,14,15
3/13/2023,1292820000,0.02768016,0.027417,-2.631577149,0.02755,0.027262481,-2.875192026,0.793947001,1.24530387,0.061622558,-0.002868289,-2.532420796,1.03%,-10,3/13/2023,-3.580058678,-1,14,15
3/14/2023,1450000000,0.02758555,0.02706763,-5.179207991,0.027475,0.026902388,-5.726124721,-0.946101475,1.235063581,0.062374926,0.0034297,-3.478522271,1.37%,-10,3/14/2023,-4.526160153,-1,14,15
3/15/2023,450000000,0.027715423,0.02707086,-6.445671295,0.0276,0.026947097,-6.529029589,1.298731094,1.173045073,0.207368342,-0.004685951,-2.179791177,0.91%,-10,3/15/2023,-3.227429059,-1,14,15
3/16/2023,71300000,0.027564732,0.02711387,-4.508619017,0.02744,0.026967651,-4.723490768,-1.50691506,1.187150052,0.270472167,0.005466823,-3.686706237,1.45%,-10,3/16/2023,-4.734344119,-1,14,15
3/17/2023,273730000,0.027423028,0.02729871,-1.243138477,0.027318,0.027138676,-1.793235077,-1.417037219,1.203732946,0.279689587,0.005167326,-5.103743455,1.97%,-10,3/17/2023,-6.151381338,-1,14,15
3/20/2023,751000000,0.027325898,0.02721352,-1.123799418,0.027211,0.027064238,-1.467616779,-0.971300032,1.211554388,0.304922911,0.003554504,-6.075043487,2.32%,-10,3/20/2023,-7.12268137,-1,14,15
3/22/2023,370000000,0.02729256,0.02714782,-1.447437702,0.0272,0.026979906,-2.20094481,-0.333379557,1.179306239,0.341564829,0.001221503,-6.408423044,2.45%,-10,3/22/2023,-7.456060927,-1,14,15
3/27/2023,40000000,0.027455299,0.02735651,-0.987851485,0.02735,0.027181031,-1.689688404,1.627391525,1.18342052,0.343285236,-0.005927422,-4.781031519,1.85%,-10,3/27/2023,-5.828669402,-1,15,15
3/28/2023,93500000,0.027476079,0.0272011,-2.749809926,0.02735,0.027026571,-3.234294562,0.207803139,1.175957772,0.302279088,-0.000756306,-4.573228379,1.78%,-10,3/28/2023,-5.620866263,-1,15,15
3/29/2023,880000000,0.027499135,0.02706974,-4.293967092,0.027375,0.026912487,-4.625125252,0.230556466,1.176018962,0.301026826,-0.000838414,-4.342671913,1.69%,-10,3/29/2023,-5.390309797,-1,15,15
3/30/2023,205350000,0.027470032,0.02716498,-3.050495994,0.02735,0.026993858,-3.561415564,-0.291031307,1.171093113,0.359385626,0.00105945,-4.633703219,1.80%,-10,3/30/2023,-5.681341104,-1,15,15
3/31/2023,413530000,0.02728205,0.02713411,-1.4794193,0.027175,0.026948016,-2.269837071,-1.879821825,1.196093647,0.385549227,0.006890325,-6.513525044,2.49%,-10,3/31/2023,-7.561162929,-1,15,15
4/3/2023,872310000,0.027481849,0.0271232,-3.586455615,0.02735,0.026946638,-4.033624373,1.997993832,1.083564447,-0.344951866,-0.007270231,5.551582457,-1.97%,-5,4/3/2023,1.997993832,1,15,16
4/4/2023,297200000,0.027472706,0.02714776,-3.249462735,0.02735,0.026965429,-3.84571303,-0.091428353,1.038441136,-0.331350775,0.000332797,5.460154104,-1.93%,-5,4/4/2023,1.906565479,1,15,16
4/6/2023,402900000,0.02746164,0.02711753,-3.441072704,0.02735,0.026956246,-3.937543148,-0.110662709,1.037642938,-0.308886435,0.000402972,5.349491394,-1.89%,-5,4/6/2023,1.79590277,1,15,16
4/7/2023,1280000000,0.027414782,0.02731342,-1.013575845,0.02731,0.027118066,-1.919344021,-0.468582603,1.021144919,-0.264671038,0.001709233,4.880908791,-1.72%,-5,4/7/2023,1.327320167,1,15,16
4/10/2023,1140000000,0.027453975,0.0270518,-4.021709957,0.027325,0.026883328,-4.416719771,0.391935658,1.00156622,-0.280663971,-0.00142761,5.272844449,-1.87%,-5,4/10/2023,1.719255825,1,15,16
4/11/2023,709000000,0.027381298,0.02680077,-5.805250063,0.02725,0.026634125,-6.158751181,-0.726771764,1.005693114,-0.241778556,0.002654263,4.546072685,-1.60%,-5,4/11/2023,0.992484061,1,15,16
4/12/2023,1436460000,0.027169116,0.02678991,-3.792097038,0.02705,0.02662342,-4.265801603,-2.121820995,1.031480865,-0.29897341,0.00780968,2.42425169,-0.82%,-5,4/12/2023,-1.129336934,-1,15,16
4/13/2023,400000000,0.027198817,0.02664376,-5.550582339,0.027075,0.026489543,-5.854566829,0.297013395,1.024742771,-0.287328213,-0.001092008,2.721265085,-0.93%,-5,4/13/2023,-0.832323539,-1,15,16
4/14/2023,51900000,0.027272556,0.02654527,-7.27285863,0.027149,0.026356032,-7.929675208,0.737389125,1.026910346,-0.360022922,-0.002703777,3.45865421,-1.20%,-5,4/14/2023,-0.094934414,-1,15,16
4/17/2023,830000000,0.027327347,0.02695127,-3.760761684,0.0272,0.02677842,-4.215796841,0.547906904,1.001742216,-0.427536803,-0.002004977,4.006561113,-1.40%,-5,4/17/2023,0.45297249,1,15,16
4/18/2023,3720000000,0.027265757,0.02694758,-3.181818498,0.02715,0.026785159,-3.648414037,-0.615897382,0.993102502,-0.365969703,0.002258868,3.390663732,-1.17%,-5,4/18/2023,-0.162924892,-1,15,16
4/19/2023,3491500000,0.027203854,0.02692841,-2.75449635,0.027095,0.026776581,-3.184189772,-0.619028592,0.99598297,-0.327772763,0.002275518,2.77163514,-0.95%,-5,4/19/2023,-0.781953484,-1,15,16
4/20/2023,210740000,0.027207805,0.02716111,-0.466902791,0.0271,0.027007855,-0.921454762,0.039500913,0.991107427,-0.303820829,-0.000145182,2.811136053,-0.96%,-5,4/20/2023,-0.742452571,-1,15,16
4/21/2023,4800000,0.027190058,0.02692307,-2.669847819,0.027076,0.026789918,-2.860817628,-0.177468329,0.991075476,-0.292801178,0.000652696,2.633667724,-0.90%,-5,4/21/2023,-0.9199209,-1,15,16
4/24/2023,775000000,0.02709137,0.02682659,-2.647806216,0.026975,0.026658454,-3.165462937,-0.986876185,0.991382567,-0.21209914,0.00364277,1.64679154,-0.53%,-5,4/24/2023,-1.906797085,-1,15,16
4/25/2023,1010000000,0.027115926,0.02674866,-3.672691725,0.027,0.026561287,-4.387128825,0.245559578,0.983561443,-0.198691023,-0.000905592,1.892351118,-0.62%,-5,4/25/2023,-1.661237507,-1,15,16
4/26/2023,632750000,0.027054095,0.02676103,-2.930668059,0.026925,0.026589897,-3.351029992,-0.618315495,0.985784752,-0.171713239,0.002285478,1.274035623,-0.39%,-5,4/26/2023,-2.279553002,-1,15,16
4/28/2023,573830000,0.02655246,0.02631417,-2.382941567,0.026455,0.026158237,-2.967630682,-5.016340804,1.196955457,-1.212959656,0.018892188,-3.742305181,1.50%,-5,4/28/2023,-7.295893806,-1,16,16
5/4/2023,636790000,0.026554411,0.02638447,-1.699401373,0.02645,0.026221284,-2.287161242,0.019509594,1.197496882,-1.219954523,-7.35E-05,-7.831135882,2.84%,-20,5/4/2023,0.019509594,1,16,17
5/5/2023,160960000,0.026328628,0.02620347,-1.251603611,0.02622,0.026031099,-1.889007494,-2.257832288,1.227339947,-1.097116954,0.008575579,-10.08896817,3.70%,-20,5/5/2023,-2.238322694,-1,16,17
5/8/2023,203690000,0.026417442,0.02596703,-4.504164576,0.026313,0.025810318,-5.026820622,0.888141203,1.236054176,-1.140432509,-0.00336195,-9.200826967,3.36%,-20,5/8/2023,-1.350181491,-1,16,17
5/9/2023,319980000,0.026416467,0.02614436,-2.721045019,0.0263,0.025972605,-3.27395136,-0.009748721,1.227538886,-1.217108789,3.69E-05,-9.210575688,3.37%,-20,5/9/2023,-1.359930212,-1,16,17
5/10/2023,236190000,0.026422583,0.02612187,-3.00709699,0.0263,0.025968755,-3.312445591,0.061156796,1.226368151,-1.212428324,-0.000231457,-9.149418892,3.35%,-20,5/10/2023,-1.298773416,-1,16,17
5/11/2023,1063310000,0.025911741,0.02552508,-3.866642787,0.0258,0.025346994,-4.530058292,-5.108420516,1.394103434,-1.447095066,0.019714694,-14.25783941,5.32%,-20,5/11/2023,-6.407193932,-1,16,17
5/12/2023,413660000,0.025968236,0.02593225,-0.359820618,0.02585,0.025786567,-0.634326152,0.564949734,1.359324932,-1.598001975,-0.002175541,-13.69288967,5.10%,-20,5/12/2023,-5.842244198,-1,16,17
5/15/2023,530000000,0.026014063,0.02588169,-1.323688386,0.0259,0.025694612,-2.05388208,0.45827123,1.364389876,-1.619446994,-0.001761629,-13.23461844,4.92%,-20,5/15/2023,-5.383972968,-1,16,17
5/16/2023,1410000000,0.026112197,0.02592071,-1.914839423,0.026,0.025783122,-2.168776804,0.981337862,1.37750532,-1.612597808,-0.003758159,-12.25328058,4.55%,-20,5/16/2023,-4.402635106,-1,16,17
5/17/2023,440000000,0.02610891,0.02590607,-2.028373723,0.026,0.025760155,-2.398451237,-0.032871371,1.369315475,-1.616632054,0.000125901,-12.28615195,4.56%,-20,5/17/2023,-4.435506477,-1,16,17
5/18/2023,414000000,0.026048834,0.02590047,-1.483635648,0.02595,0.025746063,-2.039366731,-0.60075406,1.34999739,-1.637546176,0.002306261,-12.88690601,4.79%,-20,5/18/2023,-5.036260537,-1,16,17
5/19/2023,130000000,0.026090052,0.02587877,-2.112796682,0.025975,0.025694931,-2.800688072,0.412173668,1.354175352,-1.641661664,-0.001579812,-12.47473234,4.63%,-20,5/19/2023,-4.624086869,-1,16,17
5/22/2023,325000000,0.02597722,0.02579067,-1.865496914,0.02585,0.025610065,-2.399346074,-1.128321578,1.357251899,-1.615964107,0.004343504,-13.60305392,5.07%,-20,5/22/2023,-5.752408447,-1,16,17
5/23/2023,689120000,0.02553853,0.02537541,-1.631226463,0.02543,0.025216287,-2.137129792,-4.386891449,1.46766793,-1.523268528,0.017177541,-17.98994537,6.78%,-20,5/23/2023,-10.1392999,-1,16,17
5/24/2023,1594000000,0.025530943,0.02565619,1.252419597,0.025425,0.025466198,0.411982237,-0.075871753,1.454089709,-1.541740885,0.000297176,-18.06581712,6.81%,-20,5/24/2023,-10.21517165,-1,16,17
5/25/2023,1148480000,0.025610066,0.02526242,-3.476457048,0.0255,0.025113584,-3.864161602,0.791231351,1.421493259,-1.691023491,-0.003089533,-17.27458577,6.51%,-20,5/25/2023,-9.423940298,-1,16,17
5/26/2023,1068120000,0.025604106,0.02546622,-1.378827835,0.0255,0.025327153,-1.728471656,-0.059602244,1.421151192,-1.689773816,0.000232784,-17.33418802,6.53%,-20,5/26/2023,-9.483542542,-1,16,17
5/29/2023,1640000000,0.02546769,0.02553253,0.648377143,0.025375,0.025374845,-0.001545251,-1.364158483,1.420678573,-1.621582813,0.005356428,-18.6983465,7.06%,-20,5/29/2023,-10.84770103,-1,17,17
5/30/2023,2850000000,0.025350539,0.02536903,0.184905124,0.02525,0.025192374,-0.576262977,-1.17151205,1.424145678,-1.581748401,0.004621251,-19.86985855,7.53%,-20,5/30/2023,-12.01921308,-1,17,17
5/31/2023,1109190000,0.025300824,0.02508173,-2.190907007,0.0252,0.024925617,-2.743833427,-0.497152071,1.419140131,-1.629866401,0.001964964,-20.36701062,7.72%,-20,5/31/2023,-12.51636515,-1,17,17
6/1/2023,868430000,0.025202263,0.02518013,-0.221347337,0.0251,0.025008577,-0.914227019,-0.985612821,1.409528476,-1.600895404,0.003910811,5.352768883,-1.71%,5,6/1/2023,-0.985612821,-1,17,18
6/2/2023,1933000000,0.025301722,0.02521986,-0.818579679,0.0252,0.025034543,-1.65457436,0.994589796,1.423241618,-1.615126242,-0.003930917,6.347358679,-2.10%,5,6/2/2023,0.008976975,1,17,18
6/5/2023,283420000,0.025245898,0.02520909,-0.368054454,0.025139,0.02503113,-1.078701658,-0.558240795,1.401002473,-1.651822588,0.002211214,5.789117884,-1.88%,5,6/5/2023,-0.54926382,-1,17,18
6/6/2023,140400000,0.025217331,0.0252747,0.573714063,0.0251,0.025103676,0.036763917,-0.285661352,1.393755672,-1.723954815,0.001132798,5.503456532,-1.77%,5,6/6/2023,-0.834925172,-1,17,18
6/7/2023,1050000000,0.025109861,0.02512697,0.171089056,0.025,0.024907127,-0.928727692,-1.074701064,1.389919621,-1.748675356,0.004279996,4.428755468,-1.34%,5,6/7/2023,-1.909626236,-1,17,18
6/8/2023,80000000,0.025110918,0.02504592,-0.649997145,0.025,0.024892815,-1.071854578,0.010569061,1.389530316,-1.792042033,-4.21E-05,4.439324529,-1.34%,5,6/8/2023,-1.899057175,-1,17,18
6/9/2023,360000000,0.025016472,0.02495766,-0.588168321,0.0249,0.02479011,-1.098902159,-0.944458867,1.391198806,-1.759400345,0.003775348,3.494865661,-0.97%,5,6/9/2023,-2.843516042,-1,17,18
6/12/2023,405000000,0.025018767,0.02495207,-0.666965731,0.0249,0.024785299,-1.147013878,0.022948828,1.360967331,-1.879322569,-9.17E-05,3.517814489,-0.98%,5,6/12/2023,-2.820567214,-1,17,18
6/13/2023,541070000,0.024607512,0.02471071,1.031992145,0.024506,0.024554568,0.48567973,-4.112553106,1.448430396,-1.699893601,0.016712592,-0.594738617,0.69%,5,6/13/2023,-6.93312032,-1,17,18
6/14/2023,513000000,0.024560495,0.02439947,-1.610239492,0.024444,0.024229568,-2.144320088,-0.470170052,1.443963859,-1.689247075,0.001914335,-1.064908669,0.89%,5,6/14/2023,-7.403290372,-1,17,18
6/15/2023,200910000,0.024819996,0.02482787,0.078773272,0.02471,0.024659534,-0.504659643,2.595014933,1.51080654,-1.40039481,-0.01045534,1.530106264,-0.16%,5,6/15/2023,-4.808275439,-1,17,18
6/16/2023,170510000,0.025001859,0.02503852,0.366640055,0.0249,0.024922393,0.223928732,1.818624413,1.533279624,-1.400880384,-0.007273957,3.348730676,-0.89%,5,6/16/2023,-2.989651026,-1,17,18
6/19/2023,149200000,0.025399245,0.02541947,0.20224878,0.0253,0.025282843,-0.171569472,3.97386578,1.619080078,-0.914672129,-0.015645606,7.322596457,-2.45%,5,6/19/2023,0.984214754,1,17,18
6/20/2023,1126370000,0.025304957,0.02532791,0.229551754,0.0252,0.025164292,-0.357081,-0.942882562,1.620048685,-0.881387125,0.003726078,6.379713894,-2.08%,5,6/20/2023,0.041332192,1,17,18
6/21/2023,431700000,0.025154492,0.02525855,1.040546652,0.02506,0.025116447,0.564473092,-1.504652106,1.626235081,-0.824379755,0.005981644,4.875061788,-1.48%,5,6/21/2023,-1.463319914,-1,17,18
6/26/2023,591080000,0.025094904,0.02505005,-0.448521227,0.025,0.024900394,-0.996060489,-0.595880818,1.626343929,-0.819383019,0.002374509,4.27918097,-1.24%,5,6/26/2023,-2.059200732,-1,17,18
6/27/2023,610360000,0.025197462,0.02521727,0.198099306,0.0251,0.025067827,-0.3217305,1.025579946,1.635407535,-0.817181045,-0.004070172,5.304760917,-1.65%,5,6/27/2023,-1.033620786,-1,18,18
6/29/2023,295000000,0.025178307,0.0252208,0.424896694,0.025075,0.025077934,0.029343786,-0.191546649,1.635321076,-0.837379792,0.000760761,5.113214267,-1.57%,5,6/29/2023,-1.225167435,-1,18,18
6/30/2023,588000000,0.024913071,0.02486938,-0.4368927,0.024805,0.024689984,-1.150159501,-2.652366583,1.647868507,-0.826442657,0.010646486,2.460847684,-0.51%,5,6/30/2023,-3.877534018,-1,18,18
7/3/2023,881750000,0.025027203,0.02471899,-3.08213044,0.0249,0.024537234,-3.627661264,1.141323296,1.659732485,-0.823992532,-0.004560331,-11.09255804,4.01%,-15,7/3/2023,1.141323296,1,18,19
7/4/2023,364400000,0.025027254,0.02498422,-0.430351234,0.0249,0.024821028,-0.789719992,0.000516177,1.652518759,-0.814216728,-2.06E-06,-11.09204186,4.01%,-15,7/4/2023,1.141839473,1,18,19
7/5/2023,169700000,0.024909526,0.02485206,-0.574650372,0.0248,0.024655643,-1.443567356,-1.177283108,1.64934988,-0.760522509,0.004726236,-12.26932497,4.48%,-15,7/5/2023,-0.035443635,-1,18,19
7/6/2023,1232110000,0.024815323,0.02476789,-0.474327437,0.0247,0.024604687,-0.95312774,-0.942030152,1.65050479,-0.747132854,0.003796163,-13.21135512,4.86%,-15,7/6/2023,-0.977473787,-1,18,19
7/7/2023,640000000,0.024719186,0.02483693,1.177399657,0.02461,0.024683651,0.736512058,-0.961369153,1.651735089,-0.733110135,0.003889162,-14.17272428,5.25%,-15,7/7/2023,-1.93884294,-1,18,19
7/10/2023,723500000,0.024658227,0.02480836,1.501367623,0.02455,0.024640782,0.907821173,-0.609590968,1.650017839,-0.711776774,0.002472161,-14.78231524,5.50%,-15,7/10/2023,-2.548433908,-1,18,19
7/11/2023,400650000,0.024611993,0.02473993,1.279326145,0.0245,0.024594932,0.949321711,-0.462343429,1.649351766,-0.702121334,0.001878529,-15.24465867,5.68%,-15,7/11/2023,-3.010777337,-1,18,19
7/12/2023,1205900000,0.02460857,0.02496305,3.544781321,0.024503,0.024790636,2.876355863,-0.034230736,1.649300164,-0.736932443,0.000139101,-15.27888941,5.70%,-15,7/12/2023,-3.045008073,-1,18,19
7/13/2023,800300000,0.02470945,0.02489374,1.842904988,0.0246,0.024726747,1.267466734,1.008802348,1.659597995,-0.738207195,-0.004082658,-14.27008706,5.29%,-15,7/13/2023,-2.036205725,-1,18,19
7/18/2023,716190000,0.024456956,0.02480877,3.518163574,0.02435,0.024679548,3.295483343,-2.524939565,1.684032533,-0.67332342,0.010324014,-16.79502663,6.32%,-15,7/18/2023,-4.56114529,-1,18,19
7/19/2023,314200000,0.024516712,0.02447879,-0.379191554,0.0244,0.02431204,-0.879601524,0.597557149,1.563287493,-0.565841987,-0.002437346,-16.19746948,6.08%,-15,7/19/2023,-3.963588141,-1,18,19
7/20/2023,110000000,0.02445543,0.02465796,2.025283432,0.02435,0.024492842,1.428421374,-0.612819172,1.562342179,-0.542294785,0.002505861,-16.81028865,6.33%,-15,7/20/2023,-4.576407313,-1,18,19
7/21/2023,1981000000,0.024356809,0.02435854,0.017331688,0.024255,0.02420228,-0.527200557,-0.986205955,1.542438052,-0.580696562,0.004048995,-17.7964946,6.73%,-15,7/21/2023,-5.562613268,-1,18,19
7/24/2023,554550000,0.024270082,0.02450651,2.364281234,0.02415,0.024374243,2.242429005,-0.867270649,1.532794504,-0.533542245,0.003573415,-18.66376525,7.09%,-15,7/24/2023,-6.429883917,-1,18,19
7/25/2023,2257810000,0.024286931,0.02478139,4.944636477,0.0242,0.024659262,4.59262217,0.168485681,1.533973272,-0.538703066,-0.00069373,-18.49527957,7.02%,-15,7/25/2023,-6.261398236,-1,18,19
7/26/2023,639300000,0.024903972,0.02489276,-0.112128314,0.0248,0.024729234,-0.707659927,6.170416569,1.789868691,0.481283308,-0.024776837,-12.324863,4.54%,-15,7/26/2023,-0.090981667,-1,18,19
7/27/2023,1162000000,0.02465004,0.0247195,0.694617607,0.02455,0.02458471,0.347095315,-2.539324916,1.685006142,0.912466469,0.010301504,-14.86418792,5.57%,-15,7/27/2023,-2.630306583,-1,19,19
7/28/2023,1335000000,0.024706057,0.02450323,-2.028250172,0.0246,0.024350387,-2.496126962,0.560170265,1.68495991,0.912676032,-0.00226734,-14.30401766,5.35%,-15,7/28/2023,-2.070136318,-1,19,19
7/31/2023,510440000,0.024911435,0.02465423,-2.572032875,0.024795,0.024446716,-3.482838635,2.05377964,1.712992161,0.859818307,-0.008244325,-12.25023802,4.52%,-15,7/31/2023,-0.016356678,-1,19,19
8/1/2023,3045340000,0.02487807,0.02462601,-2.520625221,0.02475,0.024453555,-2.964454483,-0.333650814,1.704411011,0.913372422,0.001341144,-10.75568419,4.15%,-20,8/1/2023,-0.333650814,-1,19,20
8/2/2023,1415100000,0.02484501,0.02470849,-1.365178449,0.024725,0.024521683,-2.033173737,-0.330601903,1.704173195,0.924521065,0.001330657,-11.0862861,4.28%,-20,8/2/2023,-0.664252717,-1,19,20
8/4/2023,963300000,0.024611473,0.02432052,-2.909508846,0.024499,0.024184203,-3.147970688,-2.335367499,1.728387809,0.91239751,0.009488938,-13.4216536,5.23%,-20,8/4/2023,-2.999620216,-1,19,20
8/7/2023,90450000,0.024612204,0.02458138,-0.308276052,0.0245,0.024344882,-1.551176425,0.007307092,1.72603785,0.929371378,-2.97E-05,-13.4143465,5.23%,-20,8/7/2023,-2.992313124,-1,19,20
8/8/2023,400400000,0.024567401,0.02452074,-0.466574436,0.02445,0.024354791,-0.952087167,-0.448020604,1.722096642,0.913642182,0.001823639,-13.86236711,5.41%,-20,8/8/2023,-3.440333728,-1,19,20
8/9/2023,1709400000,0.024656981,0.02446164,-1.95340865,0.02454,0.024346867,-1.931327835,0.895799539,1.62640339,1.22276167,-0.003633046,-12.96656757,5.05%,-20,8/9/2023,-2.544534189,-1,19,20
8/10/2023,1850000000,0.024729093,0.02445083,-2.782655082,0.0246,0.024275371,-3.24629265,0.72111506,1.631208014,1.185187506,-0.002916059,-12.24545251,4.76%,-20,8/10/2023,-1.823419129,-1,19,20
8/11/2023,1010000000,0.024700449,0.02437247,-3.279798143,0.024575,0.02422615,-3.488499113,-0.286440728,1.625602044,1.234364221,0.001159658,-12.53189324,4.87%,-20,8/11/2023,-2.109859857,-1,19,20
8/14/2023,2032000000,0.024492442,0.02442007,-0.723778539,0.024375,0.024237615,-1.373850927,-2.08006483,1.647030254,1.231148756,0.00849268,-14.61195807,5.72%,-20,8/14/2023,-4.189924687,-1,19,20
8/15/2023,527000000,0.024174822,0.02410288,-0.71942191,0.024069,0.023953453,-1.155470168,-3.176207941,1.691102451,1.100124866,0.013138496,-17.78816601,7.03%,-20,8/15/2023,-7.366132628,-1,19,20
8/16/2023,69000000,0.023981854,0.02375229,-2.295668665,0.023887,0.023608239,-2.78761106,-1.929673245,1.702580371,1.089256088,0.008046389,-19.71783925,7.84%,-20,8/16/2023,-9.295805873,-1,19,20
8/17/2023,685840000,0.024108747,0.02398322,-1.255301158,0.023999,0.023837469,-1.615310873,1.268931776,1.71584689,1.015526882,-0.005263367,-18.44890748,7.31%,-20,8/17/2023,-8.026874097,-1,19,20
8/18/2023,452000000,0.024060635,0.02390691,-1.537238754,0.02395,0.023727678,-2.223217822,-0.481125991,1.71290421,1.004200184,0.00199964,-18.93003347,7.51%,-20,8/18/2023,-8.508000088,-1,19,20
8/21/2023,160320000,0.023931332,0.0238173,-1.140367958,0.023825,0.023723527,-1.014730627,-1.293031531,1.710178086,1.079274993,0.005403091,-20.223065,8.05%,-20,8/21/2023,-9.801031619,-1,19,20
8/22/2023,190000000,0.023999276,0.02383654,-1.62738152,0.0239,0.023696832,-2.031675295,0.67944284,1.714836847,1.029482918,-0.002831097,-19.54362216,7.77%,-20,8/22/2023,-9.121588779,-1,19,20
8/23/2023,870000000,0.024061643,0.02369091,-3.70729406,0.02395,0.023559889,-3.901107584,0.623674832,1.719171544,0.991688501,-0.002591988,-18.91994733,7.51%,-20,8/23/2023,-8.497913947,-1,19,20
8/24/2023,691000000,0.02406131,0.02373021,-3.310988938,0.02395,0.023598201,-3.5179905,-0.003331879,1.715196078,0.962452636,1.38E-05,-18.9232792,7.51%,-20,8/24/2023,-8.501245826,-1,19,20
8/25/2023,520000000,0.023986543,0.02390419,-0.823516867,0.0239,0.023756267,-1.437331674,-0.747669611,1.71653289,0.986858493,0.003117038,-19.67094882,7.82%,-20,8/25/2023,-9.248915437,-1,19,20
8/29/2023,74120000,0.02452321,0.02441409,-1.091216176,0.024425,0.024285393,-1.396069987,5.366666513,1.882950809,1.08117578,-0.02188403,-14.3042823,5.64%,-20,8/29/2023,-3.882248924,-1,20,20
8/30/2023,380000000,0.024400675,0.02425459,-1.460865287,0.0243,0.024116408,-1.835917579,-1.225346374,1.889437349,1.106579404,0.005021772,-15.52962868,6.14%,-20,8/30/2023,-5.107595298,-1,20,20
8/31/2023,82030000,0.024320062,0.02399461,-3.254478222,0.024226,0.023838761,-3.872385142,-0.806135304,1.804628804,1.378239996,0.003314693,-16.33576398,6.47%,-20,8/31/2023,-5.913730602,-1,20,20
9/1/2023,638000000,0.024717775,0.02439245,-3.253300699,0.0246,0.024244296,-3.557039043,3.977135471,1.889690892,1.255596063,-0.016090184,13.52706864,-5.17%,20,9/1/2023,3.977135471,1,20,21
9/4/2023,990000000,0.024694429,0.02466698,-0.274539728,0.0246,0.02451603,-0.839696181,-0.233467349,1.854103167,1.369135774,0.000945425,13.29360129,-5.08%,20,9/4/2023,3.743668122,1,20,21
9/5/2023,423300000,0.02490621,0.02478094,-1.252708095,0.0248,0.024644862,-1.551383722,2.117818843,1.860515665,1.356520538,-0.008503176,15.41142013,-5.93%,20,9/5/2023,5.861486965,1,20,21
9/6/2023,207800000,0.025206832,0.02477303,-4.338030788,0.0251,0.024604706,-4.952938602,3.006218631,1.823545556,1.351190295,-0.011926206,18.41763876,-7.12%,20,9/6/2023,8.867705596,1,20,21
9/13/2023,200000000,0.025192175,0.02500707,-1.851022111,0.0251,0.024895212,-2.047877798,-0.146571612,1.819049101,1.336679479,0.000581814,18.27106715,-7.06%,20,9/13/2023,8.721133984,1,20,21
