dates,Code,Volume,Zero,NssZero,DiffZero,Yield,NssYield,DiffYield,dayRet,stdev,skew,dates,month
10/18/2021,210013.IB,48252000000,0.030365309,0.029929447,-4.358618294,0.03015,0.029609229,-5.40771347,,,,10/18/2021,0
10/19/2021,210013.IB,5260000000,0.030348477,0.03007334,-2.751371349,0.03015,0.029797084,-3.52916164,-0.168320941,,,10/19/2021,-0.168320941
10/20/2021,210013.IB,5480000000,0.030454915,0.029695991,-7.589234795,0.030205,0.029378825,-8.261750135,1.064377514,,,10/20/2021,0.896056573
10/21/2021,210013.IB,5350000000,0.030195729,0.029638107,-5.576221217,0.030018,0.029317611,-7.003890516,-2.591852938,,,10/21/2021,-1.695796365
10/22/2021,210013.IB,4985000000,0.030266078,0.029747312,-5.187659432,0.03005,0.02943198,-6.180196883,0.703484426,,,10/22/2021,-0.992311939
10/25/2021,210013.IB,5330000000,0.030355662,0.02962522,-7.304416657,0.030119,0.029339705,-7.792951697,0.89584154,,,10/25/2021,-0.096470399
10/26/2021,210013.IB,3270000000,0.030267747,0.029664347,-6.033994595,0.030046,0.029311537,-7.344632836,-0.87915112,,,10/26/2021,-0.975621519
10/27/2021,210013.IB,3010000000,0.030324352,0.02976616,-5.581918051,0.0301,0.029452537,-6.474626154,0.566053676,,,10/27/2021,-0.409567843
10/28/2021,210013.IB,5112000000,0.030287716,0.029610051,-6.776649298,0.03008,0.029306176,-7.73824009,-0.366366451,,,10/28/2021,-0.775934294
10/29/2021,210013.IB,7931850000,0.030332024,0.029611871,-7.201525346,0.030075,0.02935472,-7.202797722,0.44308432,,,10/29/2021,-0.332849974
11/1/2021,210013.IB,4480300000,0.030022782,0.029420299,-6.024825599,0.029825,0.029095297,-7.297029989,-3.092421184,,,11/1/2021,-3.092421184
11/2/2021,210013.IB,4628000000,0.029982094,0.029335047,-6.47047263,0.029775,0.029035206,-7.397941036,-0.40687696,,,11/2/2021,-3.499298144
11/3/2021,210013.IB,8492200000,0.02973395,0.029132188,-6.01761711,0.02953,0.028790461,-7.395391392,-2.48143995,,,11/3/2021,-5.980738094
11/4/2021,210013.IB,7796400000,0.029560637,0.029198172,-3.624648717,0.02935,0.028788179,-5.618211564,-1.733128915,,,11/4/2021,-7.713867009
11/5/2021,210013.IB,14942000000,0.02919711,0.028962638,-2.344717142,0.029025,0.028705575,-3.19424597,-3.635275833,,,11/5/2021,-11.34914284
11/8/2021,210013.IB,75138900000,0.029367064,0.028884741,-4.823232159,0.029175,0.028606405,-5.68594661,1.699543604,,,11/8/2021,-9.649599238
11/9/2021,210013.IB,10450600000,0.029487452,0.028878794,-6.086581525,0.0293,0.028577884,-7.221159062,1.203880766,,,11/9/2021,-8.445718473
11/10/2021,210013.IB,15334100000,0.029460844,0.028858303,-6.025412971,0.02925,0.028587311,-6.62688757,-0.266080447,,,11/10/2021,-8.71179892
11/11/2021,210013.IB,13648900000,0.02969282,0.029035293,-6.575269075,0.029478,0.02872957,-7.484296104,2.319761443,,,11/11/2021,-6.392037476
11/12/2021,210013.IB,7127800000,0.029598174,0.029115553,-4.826217061,0.0294,0.028831154,-5.688461371,-0.946459199,,,11/12/2021,-7.338496676
11/15/2021,210013.IB,6770000000,0.029423922,0.029114728,-3.091931771,0.02923,0.028798816,-4.311837552,-1.74252669,,,11/15/2021,-9.081023365
11/16/2021,210013.IB,5972000000,0.0293887,0.028991449,-3.972515536,0.029175,0.028673686,-5.013139741,-0.35221162,,,11/16/2021,-9.433234985
11/17/2021,210013.IB,6491500000,0.029455777,0.029044131,-4.11646064,0.029225,0.028698549,-5.264514833,0.670763844,,,11/17/2021,-8.762471141
11/18/2021,210013.IB,6687660000,0.029279426,0.028951718,-3.277076317,0.0291,0.028669312,-4.306876137,-1.76350839,,,11/18/2021,-10.52597953
11/19/2021,210013.IB,8708300000,0.029489485,0.029059858,-4.296264891,0.0293,0.028767668,-5.323317797,2.100586916,,,11/19/2021,-8.425392615
11/22/2021,210013.IB,13565000000,0.029313249,0.028979712,-3.335375995,0.029135,0.028708519,-4.264808935,-1.762354159,,,11/22/2021,-10.18774677
11/23/2021,210013.IB,8055400000,0.029313585,0.028663907,-6.496778909,0.029125,0.02843611,-6.888901899,0.003358111,,,11/23/2021,-10.18438866
11/24/2021,210013.IB,8912620000,0.029012688,0.028666731,-3.459567652,0.02885,0.028389703,-4.602967069,-3.008974863,,,11/24/2021,-13.19336353
11/25/2021,210013.IB,8449500000,0.029051851,0.028548412,-5.034384948,0.028875,0.028275388,-5.996120862,0.39163217,,,11/25/2021,-12.80173136
11/26/2021,210013.IB,10199600000,0.028766104,0.028428333,-3.377711283,0.0286,0.028167727,-4.322731857,-2.857466331,,,11/26/2021,-15.65919769
11/29/2021,210013.IB,8641800000,0.029119567,0.028341091,-7.784766356,0.02891,0.02807554,-8.344598514,3.534631178,,,11/29/2021,-12.12456651
11/30/2021,210013.IB,9378560000,0.02884877,0.028238515,-6.10255817,0.028675,0.027956954,-7.180459494,-2.707968458,,,11/30/2021,-14.83253497
12/1/2021,210013.IB,7765950000,0.028884848,0.028504708,-3.80139927,0.028726,0.028238686,-4.873144227,0.36077898,,,12/1/2021,0.36077898
12/2/2021,210013.IB,6368400000,0.029077596,0.028514429,-5.631675151,0.0289,0.028280245,-6.197552416,1.927478501,,,12/2/2021,2.288257481
12/3/2021,210013.IB,12864000000,0.029044855,0.028643487,-4.013686382,0.02888,0.028350904,-5.290964269,-0.327408245,,,12/3/2021,1.960849236
12/6/2021,210013.IB,71636600000,0.029111086,0.028492932,-6.181536648,0.028925,0.028216111,-7.088893475,0.662303085,,,12/6/2021,2.623152321
12/7/2021,210013.IB,18322390000,0.028929469,0.02845886,-4.706087095,0.02876,0.028180146,-5.798537376,-1.816167551,,,12/7/2021,0.80698477
12/8/2021,210013.IB,11978900000,0.029029326,0.028644373,-3.849536643,0.028867,0.028346162,-5.208384183,0.998574889,,,12/8/2021,1.805559659
12/9/2021,210013.IB,5265000000,0.028990949,0.028603597,-3.873525084,0.02883,0.028382729,-4.472706265,-0.383773359,,,12/9/2021,1.4217863
12/10/2021,210013.IB,4889690000,0.028860326,0.028597536,-2.627905558,0.0287,0.028323421,-3.765794814,-1.306227271,,,12/10/2021,0.115559029
12/13/2021,210013.IB,6800300000,0.029024565,0.028648413,-3.761519502,0.02885,0.028375493,-4.74506719,1.642387384,,,12/13/2021,1.757946413
12/14/2021,210013.IB,6935900000,0.028840373,0.028559919,-2.804545543,0.028675,0.028243585,-4.314151642,-1.841919573,,,12/14/2021,-0.08397316
12/15/2021,210013.IB,9926200000,0.028858092,0.028592244,-2.658482574,0.028678,0.028318736,-3.59264058,0.177187196,,,12/15/2021,0.093214036
12/16/2021,210013.IB,7369650000,0.02900427,0.028549422,-4.548477546,0.028825,0.028289606,-5.353939144,1.461778382,,,12/16/2021,1.554992418
12/17/2021,210013.IB,7447460000,0.028921799,0.028716103,-2.056958526,0.02875,0.02838937,-3.606301235,-0.824708953,,,12/17/2021,0.730283465
12/20/2021,210013.IB,7323100000,0.028972343,0.028697694,-2.746491278,0.0288,0.0283567,-4.432998647,0.50543896,,,12/20/2021,1.235722425
12/21/2021,210013.IB,4785000000,0.029036547,0.028726682,-3.098654086,0.02885,0.028426141,-4.238590093,0.64204605,,,12/21/2021,1.877768475
12/22/2021,210013.IB,8486000000,0.028785514,0.028354713,-4.308006814,0.028632,0.028084272,-5.477284077,-2.510336525, ,,12/22/2021,-0.63256805
12/23/2021,210013.IB,6712650000,0.028514617,0.02833069,-1.839276136,0.0284,0.028053239,-3.467609086,-2.708965489, ,,12/23/2021,-3.341533539
12/24/2021,210013.IB,6873200000,0.028658335,0.028271849,-3.864855949,0.0285,0.027982237,-5.177625439,1.437176231, ,,12/24/2021,-1.904357309
12/27/2021,210013.IB,2470000000,0.028497189,0.028191276,-3.059122609,0.028325,0.027942303,-3.826973993,-1.611460598,1.65104876,-0.039603871,12/27/2021,-3.515817906
12/28/2021,210013.IB,6300000000,0.028374874,0.027924349,-4.505241957,0.028225,0.027687525,-5.374747453,-1.223151127,1.655025039,-0.002711585,12/28/2021,-4.738969033
12/29/2021,210013.IB,8135100000,0.02824144,0.027878647,-3.627930333,0.028084,0.027636632,-4.473675386,-1.334331308,1.646780001,0.069219279,12/29/2021,-6.073300341
12/30/2021,210013.IB,6055050000,0.02796034,0.027805512,-1.548281709,0.0278,0.027509151,-2.90848675,-2.81100472,1.652775055,0.061338345,12/30/2021,-8.884305062
12/31/2021,210013.IB,1562450000,0.028026692,0.02772701,-2.99682709,0.027866,0.027422256,-4.437437724,0.663524605,1.652228081,0.062194941,12/31/2021,-8.220780456
1/4/2022,210013.IB,10234590000,0.028058268,0.027652412,-4.05856296,0.027866,0.02734795,-5.180501441,0.315758864,1.644771788,0.075684619,1/4/2022,0.315758864
1/5/2022,210013.IB,6876450000,0.028149978,0.027801999,-3.479782574,0.02795,0.027484896,-4.651039477,0.917092646,1.654799116,0.019354815,1/5/2022,1.23285151
1/6/2022,210013.IB,10656310000,0.028391169,0.027651677,-7.394919729,0.02821,0.027394997,-8.150030016,2.411917644,1.696528437,0.042825668,1/6/2022,3.644769153
1/7/2022,210013.IB,6264390000,0.028351982,0.027783736,-5.682465618,0.02815,0.027515549,-6.344506723,-0.391869742,1.6965261,0.043755907,1/7/2022,3.252899411
1/10/2022,210013.IB,5653400000,0.028060561,0.027868522,-1.920391928,0.027861,0.027554832,-3.061682124,-2.91421501,1.728475643,0.094874153,1/10/2022,0.338684402
1/11/2022,210013.IB,8846860000,0.028171291,0.027718017,-4.532733455,0.027971,0.027420161,-5.508391356,1.107296647,1.70004405,0.03979738,1/11/2022,1.445981049
1/12/2022,210013.IB,4150000000,0.027972152,0.027494024,-4.781275265,0.027775,0.027222066,-5.529339228,-1.99138826,1.715131889,0.078508756,1/12/2022,-0.545407211
1/13/2022,210013.IB,8677100000,0.027880793,0.027701272,-1.795211626,0.0277,0.027409822,-2.901775564,-0.913585923,1.69098977,0.062328099,1/13/2022,-1.458993134
1/14/2022,210013.IB,5568350000,0.02786502,0.027671202,-1.938180348,0.027678,0.027400258,-2.777422941,-0.157735578,1.679950046,0.016581519,1/14/2022,-1.616728713
1/17/2022,210013.IB,9100000000,0.027794148,0.027507028,-2.871202118,0.0276,0.027207971,-3.920290617,-0.708718269,1.613767601,0.08194525,1/17/2022,-2.325446981
1/18/2022,210013.IB,7590000000,0.027178137,0.027023812,-1.543251089,0.027,0.026726168,-2.738317839,-6.160104699,1.786754255,-0.429684668,1/18/2022,-8.48555168
1/19/2022,210013.IB,5897500000,0.026884073,0.026649649,-2.344231887,0.0267,0.026327312,-3.726876534,-2.940647163,1.804717406,-0.345328504,1/19/2022,-11.42619884
1/20/2022,210013.IB,4780640000,0.026971507,0.026482416,-4.89091058,0.02675,0.026168838,-5.811622602,0.874348296,1.814968363,-0.36908111,1/20/2022,-10.55185055
1/21/2022,210013.IB,4654110000,0.026653705,0.026358562,-2.951430172,0.02645,0.02607951,-3.704896782,-3.178023141,1.807457874,-0.330645222,1/21/2022,-13.72987369
1/24/2022,210013.IB,8331300000,0.026346397,0.026008158,-3.382383456,0.02611,0.025702655,-4.073454044,-3.073083342,1.839660739,-0.291549645,1/24/2022,-16.80295703
1/25/2022,210013.IB,10425350000,0.02642425,0.02612223,-3.020200139,0.0262,0.025810043,-3.899570395,0.778535524,1.843579987,-0.360433402,1/25/2022,-16.02442151
1/26/2022,210013.IB,7619300000,0.026764867,0.026149178,-6.156893795,0.026525,0.025844102,-6.808976812,3.406169377,1.926885309,-0.251122434,1/26/2022,-12.61825213
1/27/2022,210013.IB,7520000000,0.02698523,0.026511052,-4.741783742,0.0268,0.026252526,-5.474742379,2.203627918,1.957611811,-0.236795268,1/27/2022,-10.41462421
1/28/2022,210013.IB,3198480000,0.026625711,0.026354632,-2.710784715,0.026415,0.026055926,-3.590735635,-3.59519208,1.99775093,-0.23792237,1/28/2022,-14.00981629
2/7/2022,210013.IB,37327830000,0.026875642,0.026441085,-4.34557744,0.026625,0.02611961,-5.053900013,2.499316548,2.009002852,-0.221807628,2/7/2022,2.499316548
2/8/2022,210013.IB,11277550000,0.026858188,0.026266557,-5.916308517,0.0266,0.025938311,-6.61688861,-0.174542972,2.001693724,-0.268322773,2/8/2022,2.324773576
2/9/2022,210013.IB,9311370000,0.027028636,0.026483432,-5.452032661,0.026775,0.026152073,-6.229273376,1.704474741,2.024138203,-0.285481517,2/9/2022,4.029248317
2/10/2022,210013.IB,7322500000,0.02705719,0.026474643,-5.8254706,0.0268,0.026161024,-6.389755747,0.285546757,1.993381194,-0.356854953,2/10/2022,4.314795074
2/11/2022,210013.IB,13699920000,0.027726839,0.027037757,-6.890821561,0.0275,0.026725954,-7.740462837,6.6964881,2.224880373,0.233656762,2/11/2022,11.01128317
2/14/2022,210013.IB,7144380000,0.027983122,0.027010839,-9.722831151,0.027725,0.026680371,-10.44628564,2.562827051,2.227971237,0.156704957,2/14/2022,13.57411023
2/15/2022,210013.IB,6658000000,0.028024046,0.026965117,-10.58929502,0.027725,0.026623682,-11.01317566,0.409246583,2.166529242,0.158068229,2/15/2022,13.98335681
2/16/2022,210013.IB,7588100000,0.027925343,0.027185119,-7.402242762,0.027675,0.026865052,-8.099483243,-0.987037103,2.140226583,0.145694203,2/16/2022,12.99631971
2/17/2022,210013.IB,4909300000,0.02755275,0.026930203,-6.225479013,0.027325,0.026604293,-7.207074355,-3.725923355,2.195164241,0.16336591,2/17/2022,9.27039635
2/18/2022,210013.IB,2540090000,0.027794131,0.027399042,-3.950894305,0.02755,0.027110693,-4.393066312,2.413809181,2.205914819,0.164052666,2/18/2022,11.68420553
2/21/2022,210013.IB,3824000000,0.028279474,0.027693461,-5.860123905,0.028,0.02732074,-6.792602874,4.853423839,2.318941492,0.223589442,2/21/2022,16.53762937
2/22/2022,210013.IB,5931600000,0.028269792,0.02774982,-5.19971289,0.028,0.027327702,-6.722983024,-0.096820559,2.316036606,0.243812087,2/22/2022,16.44080881
2/23/2022,210013.IB,9833120000,0.028170551,0.02767885,-4.917008686,0.02795,0.027354973,-5.950265422,-0.992404814,2.307168479,0.231117983,2/23/2022,15.448404
2/24/2022,210013.IB,7234520000,0.027947124,0.02745884,-4.88284543,0.02775,0.027112521,-6.374787676,-2.234271361,2.319291809,0.296331417,2/24/2022,13.21413264
2/25/2022,210013.IB,6895100000,0.027876623,0.02736943,-5.071928276,0.02766,0.027095105,-5.648953195,-0.705010275,2.320191203,0.304368463,2/25/2022,12.50912236
2/28/2022,210013.IB,14616660000,0.027932723,0.027344132,-5.885902703,0.0277,0.027014981,-6.850192111,0.560995795,2.317478782,0.258488137,2/28/2022,13.07011816
3/1/2022,210013.IB,9776830000,0.028149377,0.027503796,-6.455809935,0.027915,0.027183079,-7.319211201,2.166540827,2.326889967,0.252729774,3/1/2022,2.166540827
3/2/2022,210013.IB,6070860000,0.028257968,0.027400389,-8.575782394,0.028035,0.027113658,-9.21342108,1.085908889,2.321038102,0.187528478,3/2/2022,3.252449716
3/3/2022,210013.IB,10139700000,0.028530351,0.027912253,-6.180977034,0.0283,0.027590555,-7.094448694,2.723829569,2.354622303,0.148849969,3/3/2022,5.976279285
3/4/2022,210013.IB,4555210000,0.028419776,0.027687676,-7.320999432,0.0282,0.027404325,-7.956749822,-1.105747571,2.348743296,0.210153903,3/4/2022,4.870531714
3/7/2022,210013.IB,3000300000,0.028181306,0.027667825,-5.134808202,0.02797,0.027397633,-5.723671676,-2.384696938,2.368218721,0.228210747,3/7/2022,2.485834776
3/8/2022,210013.IB,2842000000,0.028163389,0.02761227,-5.511188712,0.02795,0.027311358,-6.386418303,-0.179168876,2.366378988,0.246209039,3/8/2022,2.3066659
3/9/2022,210013.IB,4258140000,0.028426814,0.027901272,-5.255426287,0.0282,0.027527165,-6.72834554,2.634250197,2.396162722,0.217685484,3/9/2022,4.940916097
3/10/2022,210013.IB,2276620000,0.028476276,0.02782228,-6.539954617,0.02825,0.027512978,-7.370220065,0.494616228,2.373077909,0.167124659,3/10/2022,5.435532325
3/11/2022,210013.IB,2539300000,0.028563032,0.02781733,-7.45702081,0.0283,0.027359331,-9.406693048,0.86755902,2.345956823,0.109544769,3/11/2022,6.303091345
3/14/2022,210013.IB,3609580000,0.027613455,0.027161734,-4.517212081,0.0274,0.026861291,-5.387092356,-9.495767624,2.687381397,-0.590598099,3/14/2022,-3.192676278
3/15/2022,210013.IB,2688100000,0.027980005,0.027374388,-6.056170055,0.0278,0.027084235,-7.15764807,3.665501433,2.733454312,-0.619220477,3/15/2022,0.472825155
3/16/2022,210013.IB,2742880000,0.028370582,0.027587336,-7.832452602,0.02815,0.027281235,-8.687652718,3.905764279,2.78525561,-0.636444489,3/16/2022,4.378589434
3/17/2022,210013.IB,2181510000,0.028004353,0.027539084,-4.652693187,0.027825,0.027272377,-5.526230785,-3.662287321,2.82631196,-0.600816537,3/17/2022,0.716302113
3/18/2022,210013.IB,1503000000,0.028029771,0.02754925,-4.805205963,0.02782,0.027276733,-5.432673817,0.254182272,2.798812625,-0.666591292,3/18/2022,0.970484385
3/21/2022,210013.IB,1895740000,0.028274328,0.02753957,-7.347577946,0.02805,0.027207937,-8.420627114,2.445569234,2.818138194,-0.679101118,3/21/2022,3.416053619
3/22/2022,210013.IB,2740800000,0.028444631,0.027954706,-4.899245963,0.028225,0.027689868,-5.3513151,1.70302881,2.827436444,-0.698673807,3/22/2022,5.119082429
3/23/2022,210013.IB,5509540000,0.028388918,0.027942922,-4.459959027,0.02818,0.027651838,-5.281616152,-0.557129365,2.826211399,-0.668082093,3/23/2022,4.561953063
3/24/2022,210013.IB,1674100000,0.028161352,0.027590303,-5.710491668,0.027975,0.027352463,-6.225373262,-2.275660003,2.823980801,-0.590513372,3/24/2022,2.28629306
3/25/2022,210013.IB,2127500000,0.028099036,0.027382078,-7.169583686,0.0279,0.027148733,-7.512668643,-0.623155412,2.824732935,-0.585113882,3/25/2022,1.663137648
3/28/2022,210013.IB,1662700000,0.028100787,0.027383788,-7.169984482,0.027875,0.027142159,-7.328410191,0.01750533,2.794953281,-0.646743538,3/28/2022,1.680642978
3/29/2022,210013.IB,1747300000,0.028117352,0.027354658,-7.626937189,0.027925,0.02710914,-8.158600656,0.165651875,2.790652054,-0.630117794,3/29/2022,1.846294853
3/30/2022,210013.IB,1763700000,0.028090828,0.027312041,-7.787875034,0.027825,0.027052927,-7.720729613,-0.26523999,2.776578182,-0.670744986,3/30/2022,1.581054863
3/31/2022,210013.IB,1278520000,0.028037486,0.027409992,-6.274942611,0.027826,0.027171691,-6.543085201,-0.53341698,2.774520776,-0.68008784,3/31/2022,1.047637882
4/1/2022,210013.IB,781190000,0.028030341,0.027394986,-6.353543839,0.027825,0.027120123,-7.04877333,-0.07145621,2.774429476,-0.682073599,4/1/2022,-0.07145621
4/6/2022,210013.IB,2190750000,0.027837588,0.027221522,-6.160652861,0.027625,0.026941752,-6.832479309,-1.927532108,2.786169171,-0.653218615,4/6/2022,-1.998988317
4/7/2022,210013.IB,2378100000,0.027742254,0.02692979,-8.124634183,0.0275,0.026679666,-8.203339919,-0.953337421,2.647512847,-0.623162143,4/7/2022,-2.952325738
4/8/2022,210013.IB,3331500000,0.027698983,0.027165774,-5.332088729,0.02745,0.026873958,-5.760424438,-0.432713143,2.612716392,-0.675057533,4/8/2022,-3.385038881
4/11/2022,210013.IB,801000000,0.027884663,0.027116084,-7.685790251,0.02765,0.02685107,-7.989300429,1.856803781,2.621671349,-0.686200099,4/11/2022,-1.528235101
4/12/2022,210013.IB,1068200000,0.0278997,0.02735387,-5.458296845,0.0277,0.027062081,-6.379185257,0.150367546,2.577376625,-0.756388594,4/12/2022,-1.377867555
4/13/2022,210013.IB,676630000,0.027829783,0.027412954,-4.16829671,0.02763,0.027136611,-4.93389002,-0.699162899,2.537292392,-0.805479154,4/13/2022,-2.077030454
4/14/2022,210013.IB,1130900000,0.027753568,0.027223751,-5.298167839,0.02755,0.026948469,-6.015307871,-0.762157233,2.540606631,-0.766442054,4/14/2022,-2.839187687
4/15/2022,210013.IB,2963750000,0.027731203,0.02714998,-5.812224377,0.02752,0.026879675,-6.403253605,-0.223650382,2.501394385,-0.754208231,4/15/2022,-3.062838069
4/18/2022,210013.IB,2030000000,0.02806706,0.02748643,-5.806301924,0.02785,0.027215336,-6.346636212,3.3585748,2.525072822,-0.731272337,4/18/2022,0.295736731
4/19/2022,210013.IB,2681420000,0.028106636,0.027336261,-7.703753473,0.02785,0.027083209,-7.667907946,0.395757809,2.465705945,-0.809364098,4/19/2022,0.691494539
4/20/2022,210013.IB,1909000000,0.028300067,0.027765696,-5.343709567,0.028075,0.027484339,-5.906611407,1.934309542,2.456862101,-0.81266519,4/20/2022,2.625804081
4/21/2022,210013.IB,2279100000,0.028275747,0.027750623,-5.251240402,0.028055,0.027407551,-6.474485522,-0.24319992,2.457137662,-0.810732916,4/21/2022,2.382604162
4/22/2022,210013.IB,241000000,0.028329325,0.02737784,-9.514849614,0.028075,0.02711767,-9.573304213,0.535783555,2.449054768,-0.793266287,4/22/2022,2.918387717
4/25/2022,210013.IB,571390000,0.028253155,0.027460584,-7.925704778,0.02799,0.027155747,-8.342534604,-0.761704913,2.453222556,-0.764307564,4/25/2022,2.156682803
4/26/2022,210013.IB,562200000,0.028325927,0.027415518,-9.104081646,0.028047,0.027101596,-9.454036543,0.727719066,2.274838533,-1.267590337,4/26/2022,2.884401869
4/27/2022,210013.IB,686250000,0.028408948,0.027640893,-7.680553769,0.02815,0.027341191,-8.088089783,0.830216083,2.250425956,-1.287388726,4/27/2022,3.714617952
4/28/2022,210013.IB,967180000,0.028510853,0.027719465,-7.913879164,0.028275,0.027426694,-8.483055303,1.01904376,2.25379907,-1.296951676,4/28/2022,4.733661711
4/29/2022,210013.IB,1306420000,0.028392845,0.027683199,-7.096461026,0.02815,0.027402969,-7.470314061,-1.180073086,2.255817749,-1.289632619,4/29/2022,3.553588625
5/5/2022,210013.IB,375650000,0.028361644,0.027615223,-7.464214354,0.028125,0.027363081,-7.619193235,-0.312010031,2.189881412,-1.396861591,5/5/2022,-0.312010031
5/6/2022,210013.IB,410700000,0.028403462,0.027578493,-8.249687868,0.02816,0.027301002,-8.589977083,0.418175137,2.166533992,-1.408640635,5/6/2022,0.106165105
5/9/2022,210013.IB,824340000,0.028343028,0.027552191,-7.908373484,0.028075,0.027266027,-8.089731024,-0.604332985,2.060278919,-1.724674882,5/9/2022,-0.49816788
5/10/2022,210013.IB,858800000,0.028076932,0.02723681,-8.401215729,0.02785,0.026973861,-8.761391744,-2.660964255,2.094003373,-1.60982995,5/10/2022,-3.159132135
5/11/2022,210013.IB,1235000000,0.02812365,0.027536792,-5.868579039,0.0279,0.02724701,-6.529898887,0.467181528,2.090673996,-1.658480737,5/11/2022,-2.691950607
5/12/2022,210013.IB,1548400000,0.02800628,0.027449144,-5.571358708,0.027775,0.027164347,-6.10652944,-1.173700989,2.073301203,-1.710338632,5/12/2022,-3.865651596
5/13/2022,210013.IB,2356000000,0.027918408,0.027507581,-4.108276096,0.0277,0.027198791,-5.012089409,-0.87871846,2.074644584,-1.702618314,5/13/2022,-4.744370056
5/16/2022,210013.IB,731100000,0.028036685,0.02746108,-5.75605125,0.027775,0.027159011,-6.159892831,1.182765862,2.079776921,-1.705215467,5/16/2022,-3.561604194
5/17/2022,210013.IB,997000000,0.027987516,0.02757894,-4.085766579,0.027725,0.027194234,-5.307662603,-0.491686694,2.058109216,-1.703401958,5/17/2022,-4.053290889
5/18/2022,210013.IB,1241400000,0.027813939,0.027241202,-5.727368647,0.027575,0.026981972,-5.930280661,-1.735774662,2.065344849,-1.615855213,5/18/2022,-5.78906555
5/19/2022,210013.IB,1828800000,0.027849726,0.027064115,-7.856109366,0.0276,0.026779786,-8.20213667,0.357876951,2.027111839,-1.691662593,5/19/2022,-5.431188599
5/20/2022,210013.IB,320100000,0.027939565,0.027042801,-8.967633339,0.027645,0.026788486,-8.56513831,0.898381378,2.027357021,-1.747223392,5/20/2022,-4.532807221
5/23/2022,210013.IB,466260000,0.027747291,0.026846154,-9.011364928,0.027475,0.026615747,-8.5925331,-1.922738548,2.017936746,-1.771182224,5/23/2022,-6.45554577
5/24/2022,210013.IB,1089680000,0.027689402,0.026689096,-10.00305967,0.02745,0.026424698,-10.2530239,-0.578889492,2.019078293,-1.756227392,5/24/2022,-7.034435262
5/25/2022,210013.IB,858000000,0.027590803,0.026709144,-8.816584342,0.027325,0.026420829,-9.041714571,-0.985990429,1.984531473,-1.792132854,5/25/2022,-8.02042569
5/26/2022,210013.IB,6043420000,0.027025746,0.026589759,-4.35986812,0.026825,0.026357431,-4.675688525,-5.650569268,2.125052007,-1.635436787,5/26/2022,-13.67099496
5/27/2022,210013.IB,2050000000,0.027058585,0.026513853,-5.447328716,0.026838,0.026222167,-6.158330557,0.328396372,2.120513356,-1.633072871,5/27/2022,-13.34259859
5/30/2022,210013.IB,1544300000,0.027218288,0.026735102,-4.831861252,0.027,0.026461035,-5.389647028,1.597025384,1.681809357,-0.283828286,5/30/2022,-11.7455732
5/31/2022,210013.IB,1009490000,0.027607781,0.026832317,-7.754640856,0.02738,0.026576672,-8.03328107,3.894927726,1.692299671,-0.243335468,5/31/2022,-7.850645475
6/1/2022,210013.IB,1481700000,0.027703788,0.027092808,-6.10980379,0.027469,0.02682135,-6.476503074,0.960074805,1.601552578,-0.484245225,6/1/2022,0.960074805
6/2/2022,210013.IB,441060000,0.027669285,0.027014825,-6.544596178,0.02745,0.026727022,-7.229779901,-0.345032759,1.520657213,-0.44306912,6/2/2022,0.615042046
6/6/2022,210013.IB,795300000,0.027929095,0.027176971,-7.521243147,0.0277,0.026901261,-7.98739006,2.598099745,1.565309562,-0.397283865,6/6/2022,3.213141791
6/7/2022,210013.IB,1499350000,0.027840994,0.027224819,-6.161750541,0.027625,0.026936892,-6.881079298,-0.881013551,1.529377594,-0.381390771,6/7/2022,2.33212824
6/8/2022,210013.IB,930200000,0.027707681,0.027199425,-5.082561966,0.027475,0.026920244,-5.547559035,-1.333122087,1.517340218,-0.311945344,6/8/2022,0.999006153
6/9/2022,210013.IB,626400000,0.027771025,0.027004056,-7.669686254,0.027525,0.02670712,-8.178801056,0.633435554,1.52006263,-0.355537008,6/9/2022,1.632441707
6/10/2022,210013.IB,173300000,0.027642996,0.026957338,-6.856586184,0.027423,0.026707373,-7.156269726,-1.280287589,1.498106978,-0.360864474,6/10/2022,0.352154118
6/13/2022,210013.IB,383430000,0.027726333,0.027109157,-6.171757073,0.0275,0.026848874,-6.511256365,0.833367285,1.50187865,-0.412301118,6/13/2022,1.185521403
6/14/2022,210013.IB,889420000,0.027885228,0.027177322,-7.079061963,0.02765,0.026886962,-7.630378855,1.588950793,1.519811282,-0.434822093,6/14/2022,2.774472197
6/15/2022,210013.IB,1430100000,0.027959526,0.027213876,-7.456496866,0.027725,0.026927814,-7.971863639,0.74297951,1.523541977,-0.452301878,6/15/2022,3.517451707
6/16/2022,210013.IB,760300000,0.027876345,0.027319797,-5.565483591,0.027657,0.027020172,-6.368275769,-0.831809078,1.527340002,-0.428876734,6/16/2022,2.685642629
6/17/2022,210013.IB,1580000000,0.026834861,0.027249508,4.146471857,0.0267,0.027000128,3.001280635,-10.41484147,2.10723588,-2.331368023,6/17/2022,-7.729198841
6/20/2022,210013.IB,1091600000,0.027833004,0.027300272,-5.327321073,0.0276,0.027023183,-5.768165121,9.981428227,2.547393526,-0.231785141,6/20/2022,2.252229386
6/21/2022,210013.IB,3794000000,0.027944073,0.027387616,-5.564571105,0.0277,0.027099979,-6.000209411,1.110693953,2.537850096,-0.298082748,6/21/2022,3.362923339
6/22/2022,210013.IB,1397100000,0.027898041,0.027255829,-6.422124697,0.027675,0.02699625,-6.787504367,-0.460320585,2.535000344,-0.310091634,6/22/2022,2.902602754
6/23/2022,210013.IB,1270300000,0.027815197,0.027302937,-5.122598572,0.0276,0.027017409,-5.825906483,-0.828437255,2.537053142,-0.300364971,6/23/2022,2.074165498
6/24/2022,210013.IB,1185000000,0.02807786,0.027390954,-6.869055794,0.027825,0.027085301,-7.396989981,2.626623622,2.550434181,-0.300065666,6/24/2022,4.70078912
6/27/2022,210013.IB,1970000000,0.028459759,0.027724402,-7.353574989,0.0282,0.027427824,-7.721762474,3.818995758,2.604784675,-0.305792266,6/27/2022,8.519784878
6/28/2022,210013.IB,258390000,0.028529324,0.02787781,-6.515132525,0.028299,0.027581909,-7.170905077,0.695643604,2.603416494,-0.338568147,6/28/2022,9.215428482
6/29/2022,210013.IB,510000000,0.028299577,0.027847971,-4.516058406,0.0281,0.027573827,-5.261729094,-2.297468419,2.622856498,-0.310588467,6/29/2022,6.917960062
6/30/2022,210013.IB,389080000,0.028241619,0.02763246,-6.091589637,0.02802,0.027344829,-6.751706392,-0.579578358,2.624232857,-0.302039083,6/30/2022,6.338381704
7/1/2022,210013.IB,690200000,0.028103852,0.027645766,-4.580868958,0.0279,0.027358492,-5.415076476,-1.377664855,2.590236215,-0.245733813,7/1/2022,-1.377664855
7/4/2022,210013.IB,640060000,0.028453108,0.028030881,-4.222270511,0.02825,0.027781934,-4.680664581,3.492557991,2.635413215,-0.258396239,7/4/2022,2.114893136
7/5/2022,210013.IB,1256000000,0.028514,0.027849175,-6.648254548,0.0283,0.027603165,-6.968346747,0.608918541,2.623158098,-0.238004646,7/5/2022,2.723811677
7/6/2022,210013.IB,1346000000,0.02831325,0.027804517,-5.087336774,0.0281,0.027551404,-5.485963267,-2.007496467,2.638588782,-0.202130026,7/6/2022,0.71631521
7/7/2022,210013.IB,1732800000,0.028312783,0.02778182,-5.309624816,0.028125,0.027540529,-5.844708302,-0.004675069,2.637509286,-0.189865657,7/7/2022,0.711640142
7/8/2022,210013.IB,430770000,0.028244863,0.027840677,-4.041856722,0.02805,0.027596645,-4.533552949,-0.679199186,2.637060062,-0.191755169,7/8/2022,0.032440955
7/11/2022,210013.IB,431000000,0.028210617,0.027509578,-7.010392063,0.028,0.027249068,-7.509318283,-0.34245572,2.635395737,-0.167475191,7/11/2022,-0.310014765
7/12/2022,210013.IB,1825100000,0.028019113,0.027327519,-6.915936464,0.02782,0.02705392,-7.660803982,-1.915046093,2.645624034,-0.109563861,7/12/2022,-2.225060858
7/13/2022,210013.IB,1690130000,0.027923268,0.027154419,-7.688486098,0.0277,0.026906882,-7.931183913,-0.958451632,2.643709277,-0.065753925,7/13/2022,-3.18351249
7/14/2022,210013.IB,1158800000,0.027554518,0.0273042,-2.503176984,0.02735,0.027033871,-3.161287338,-3.687499059,2.686819457,-0.051995006,7/14/2022,-6.871011549
7/15/2022,210013.IB,3083740000,0.027489075,0.027208187,-2.808871454,0.0273,0.026941587,-3.584134936,-0.654431796,2.687614931,-0.044185242,7/15/2022,-7.525443346
7/18/2022,210013.IB,1044210000,0.027459788,0.027128044,-3.317435913,0.027239,0.026858211,-3.807885057,-0.292869205,2.686322083,-0.028095282,7/18/2022,-7.81831255
7/19/2022,210013.IB,1178000000,0.027453466,0.027293931,-1.595356878,0.02725,0.027015423,-2.345774484,-0.063213282,2.685715899,-0.040501829,7/19/2022,-7.881525833
7/20/2022,210013.IB,2331820000,0.027396382,0.026885195,-5.111874662,0.0272,0.026640726,-5.592737895,-0.570839001,2.662911816,-0.073464012,7/20/2022,-8.452364834
7/21/2022,210013.IB,1693300000,0.02713021,0.027051861,-0.783488287,0.02695,0.026786838,-1.631616663,-2.661726537,2.684674819,-0.016974202,7/21/2022,-11.11409137
7/22/2022,210013.IB,601200000,0.027237487,0.026679979,-5.575075619,0.027,0.026472101,-5.278992578,1.07276896,2.686778609,-0.065500214,7/22/2022,-10.04132241
7/25/2022,210013.IB,923900000,0.027129528,0.026827199,-3.023294222,0.026925,0.026540536,-3.844636983,-1.079586872,2.688009482,-0.061224839,7/25/2022,-11.12090928
7/26/2022,210013.IB,1900000000,0.027065244,0.026849937,-2.153073608,0.026875,0.02657887,-2.961296872,-0.642835049,2.681944526,-0.022219872,7/26/2022,-11.76374433
7/27/2022,210013.IB,1475500000,0.02705974,0.026679273,-3.804678717,0.02685,0.026382987,-4.670130703,-0.055040324,2.681672809,-0.032269996,7/27/2022,-11.81878466
7/28/2022,210013.IB,2830000000,0.027213929,0.026868111,-3.458181824,0.027,0.026577046,-4.229535212,1.541886059,2.683037324,-0.098337556,7/28/2022,-10.2768986
7/29/2022,210013.IB,1529820000,0.027018231,0.026558878,-4.593525343,0.026795,0.026290272,-5.047276937,-1.95698274,2.694340078,-0.050593655,7/29/2022,-12.23388134
8/1/2022,210013.IB,1540000000,0.026771031,0.026445269,-3.257621803,0.02655,0.026206714,-3.432860595,-2.471992742,2.708981037,0.013247609,8/1/2022,-2.471992742
8/2/2022,210013.IB,3705300000,0.026708705,0.026342259,-3.664453583,0.0265,0.026054949,-4.450512242,-0.623268303,2.698866688,-0.011401114,8/2/2022,-3.095261045
8/3/2022,210013.IB,3761980000,0.026632817,0.026242436,-3.903817928,0.0264,0.025963169,-4.368309972,-0.758872117,2.699479301,-0.007390084,8/3/2022,-3.854133162
8/4/2022,210013.IB,6047300000,0.026426341,0.026227973,-1.983678458,0.0262,0.025957883,-2.421174109,-2.064762427,2.709875611,0.011208714,8/4/2022,-5.918895589
8/5/2022,210013.IB,3170000000,0.02669814,0.026182894,-5.152454937,0.02645,0.025895813,-5.541868902,2.717987393,2.627268938,0.025017996,8/5/2022,-3.200908196
8/8/2022,210013.IB,2185000000,0.026738741,0.026393455,-3.452867085,0.0265,0.026109531,-3.904692196,0.406013387,2.627524146,0.023232718,8/8/2022,-2.794894809
8/9/2022,210013.IB,958900000,0.026711863,0.026521245,-1.90618054,0.0265,0.02624949,-2.505100383,-0.268781595,2.616897319,0.062349956,8/9/2022,-3.063676404
8/10/2022,210013.IB,1412100000,0.026664886,0.026453613,-2.112723694,0.02646,0.026192434,-2.675662853,-0.469775671,2.554183375,0.093776941,8/10/2022,-3.533452076
8/11/2022,210013.IB,4470000000,0.026780473,0.026363603,-4.168698913,0.02655,0.026106473,-4.435270364,1.155873942,2.556090832,0.089957214,8/11/2022,-2.377578134
8/12/2022,210013.IB,423300000,0.026730032,0.026421097,-3.089358109,0.026525,0.026169275,-3.557246578,-0.504404795,2.556388176,0.093747823,8/12/2022,-2.881982929
8/15/2022,210013.IB,997590000,0.026209141,0.025871306,-3.378349192,0.026,0.025633535,-3.664652927,-5.208911766,2.619108911,0.10168578,8/15/2022,-8.090894696
8/16/2022,210013.IB,2960000000,0.025644715,0.025294272,-3.504428106,0.02545,0.025007571,-4.424291998,-5.644262825,2.721533738,0.046778956,8/16/2022,-13.73515752
8/17/2022,210013.IB,1622900000,0.025841593,0.025221686,-6.199072874,0.0256,0.024957472,-6.425278062,1.96878451,2.739046926,-0.013982382,8/17/2022,-11.76637301
8/18/2022,210013.IB,2835000000,0.025606049,0.025343823,-2.622259765,0.0254,0.025129037,-2.709625018,-2.355441647,2.749021998,0.044705355,8/18/2022,-14.12181466
8/19/2022,210013.IB,1371000000,0.025712034,0.025091438,-6.205961431,0.0255,0.024879973,-6.200266516,1.059846546,2.754114175,-0.004233898,8/19/2022,-13.06196811
8/22/2022,210013.IB,778150000,0.025715687,0.025223926,-4.917605855,0.025505,0.024971241,-5.337592024,0.03652898,2.749312324,0.011951326,8/22/2022,-13.02543913
8/23/2022,210013.IB,1054000000,0.025777936,0.025383977,-3.939597324,0.025575,0.025174146,-4.008542553,0.622494831,2.738622599,0.027081013,8/23/2022,-12.4029443
8/24/2022,210013.IB,742940000,0.025811446,0.025396492,-4.149545584,0.0256,0.025157536,-4.424636199,0.335099978,2.735747885,0.035236965,8/24/2022,-12.06784432
8/25/2022,210013.IB,755000000,0.026217344,0.025489102,-7.282417146,0.025975,0.025257968,-7.17032118,4.05897342,2.806147196,0.00923803,8/25/2022,-8.008870904
8/26/2022,210013.IB,1080020000,0.026109408,0.02565835,-4.510585922,0.0259,0.025402747,-4.972527755,-1.079352751,2.411933632,1.280760262,8/26/2022,-9.088223655
8/29/2022,210013.IB,570000000,0.026034585,0.025347094,-6.874914241,0.025825,0.025109015,-7.159853399,-0.748234234,1.930730847,-0.134172191,8/29/2022,-9.836457889
8/30/2022,210013.IB,1546820000,0.025913412,0.025275549,-6.378629924,0.0257,0.025060897,-6.39103169,-1.211727811,1.922717742,-0.072126736,8/30/2022,-11.0481857
8/31/2022,210013.IB,2064140000,0.025976027,0.025289023,-6.870049248,0.02575,0.025047653,-7.02346961,0.626152319,1.928114323,-0.103222996,8/31/2022,-10.42203338
9/1/2022,210013.IB,1428230000,0.025884078,0.025395681,-4.883962299,0.02565,0.025115474,-5.345263628,-0.919498175,1.928575831,-0.10041632,9/1/2022,-0.919498175
9/2/2022,210013.IB,1720000000,0.025711668,0.025340151,-3.715168442,0.0255,0.025092059,-4.079409596,-1.724100679,1.888408455,-0.055402978,9/2/2022,-2.643598854
9/5/2022,210013.IB,931200000,0.025705279,0.025228552,-4.767269491,0.025475,0.024962311,-5.126893871,-0.063882282,1.787440002,-0.216174692,9/5/2022,-2.707481137
9/6/2022,210013.IB,854750000,0.025680064,0.02509279,-5.872732264,0.02545,0.024836564,-6.134357959,-0.252156418,1.779126223,-0.193252963,9/6/2022,-2.959637555
9/7/2022,210013.IB,926000000,0.025769937,0.025098654,-6.7128271,0.025513,0.024833098,-6.799017314,0.898728859,1.773314769,-0.275940079,9/7/2022,-2.060908696
9/8/2022,210013.IB,555000000,0.025772804,0.02526816,-5.046435767,0.02555,0.025026338,-5.236615085,0.028670995,1.774853435,-0.295862031,9/8/2022,-2.032237701
9/9/2022,210013.IB,2802000000,0.025819067,0.025441401,-3.776665099,0.0256,0.025184864,-4.151355845,0.462637369,1.775223484,-0.354055453,9/9/2022,-1.569600332
9/13/2022,210013.IB,1222000000,0.026035065,0.025604243,-4.30822275,0.02581,0.025386051,-4.239493214,2.159975593,1.725022162,-0.513594389,9/13/2022,0.590375261
9/14/2022,210013.IB,1613530000,0.025769226,0.02508807,-6.81155975,0.02552,0.024824469,-6.955308702,-2.658385184,1.744176624,-0.425951035,9/14/2022,-2.068009923
9/15/2022,210013.IB,1980430000,0.026069371,0.025659556,-4.098150546,0.02585,0.025402836,-4.471639822,3.001443585,1.800465492,-0.39043684,9/15/2022,0.933433662
9/16/2022,210013.IB,933600000,0.026318531,0.025882182,-4.363487111,0.0261,0.025637807,-4.621926054,2.491603283,1.84611904,-0.362820235,9/16/2022,3.425036944
9/19/2022,210013.IB,2545380000,0.026323492,0.025808695,-5.147965722,0.026075,0.02555802,-5.169795454,0.049608157,1.846725058,-0.386513804,9/19/2022,3.474645101
9/20/2022,210013.IB,2597000000,0.02605917,0.02574152,-3.176499214,0.02585,0.025493063,-3.56937039,-2.643223915,1.873578961,-0.330284392,9/20/2022,0.831421186
9/21/2022,210013.IB,1389500000,0.026022801,0.025684752,-3.38049385,0.0258,0.025433169,-3.668306261,-0.363685282,1.861540792,-0.377835264,9/21/2022,0.467735904
9/22/2022,210013.IB,710000000,0.025995071,0.025571833,-4.232383475,0.025775,0.025311127,-4.638734601,-0.277295692,1.859890372,-0.400935678,9/22/2022,0.190440212
9/23/2022,210013.IB,2340000000,0.026112303,0.025771959,-3.403443396,0.0259,0.025519888,-3.801120808,1.17231689,1.811144404,-0.462274433,9/23/2022,1.362757102
9/26/2022,210013.IB,2344400000,0.026526307,0.026077884,-4.484233006,0.0263,0.025820142,-4.798577695,4.140037073,1.913269198,-0.291415799,9/26/2022,5.502794174
9/27/2022,210013.IB,1334400000,0.026516865,0.026173969,-3.428961736,0.0263,0.025915977,-3.840230447,-0.09442061,1.913262817,-0.297830477,9/27/2022,5.408373565
9/28/2022,210013.IB,1361800000,0.026719594,0.026225603,-4.939910402,0.0265,0.025955849,-5.441509419,2.027288158,1.938224448,-0.322402597,9/28/2022,7.435661723
9/29/2022,210013.IB,2120000000,0.026918451,0.026517599,-4.008523989,0.0267,0.026247653,-4.523467117,1.988574558,1.960023335,-0.365698709,9/29/2022,9.424236281
9/30/2022,210013.IB,1326970000,0.026931021,0.026524489,-4.065319292,0.0267,0.026243063,-4.569369443,0.125696887,1.925580792,-0.426421138,9/30/2022,9.549933168
10/10/2022,210013.IB,1212910000,0.026747839,0.026212716,-5.351227087,0.0265,0.025928688,-5.713121445,-1.831821543,1.934929706,-0.347667579,10/10/2022,-2.164671518
10/11/2022,210013.IB,2498000000,0.026634175,0.026284331,-3.498441313,0.0264,0.025999645,-4.003553748,-1.136633144,1.935524928,-0.346020226,10/11/2022,-3.301304661
10/12/2022,210013.IB,890120000,0.026647166,0.026279974,-3.67191642,0.026398,0.025991845,-4.061550941,0.129905368,1.934206012,-0.370955223,10/12/2022,-3.171399294
10/13/2022,210013.IB,887140000,0.026515361,0.026161031,-3.543297625,0.026275,0.025885813,-3.891865983,-1.318049393,1.941899848,-0.331617699,10/13/2022,-4.489448687
10/14/2022,210013.IB,793750000,0.026313275,0.026076434,-2.368409304,0.0261,0.02580221,-2.977904967,-2.020862163,1.945382039,-0.24865923,10/14/2022,-6.51031085
10/17/2022,210013.IB,440000000,0.026298152,0.026047407,-2.507450068,0.026075,0.025778696,-2.96303598,-0.151225208,1.928750796,-0.296955451,10/17/2022,-6.661536058
10/18/2022,210013.IB,1525000000,0.026263736,0.0258773,-3.864353988,0.02605,0.025620966,-4.290343271,-0.344164332,1.900178997,-0.341948422,10/18/2022,-7.00570039
10/19/2022,210013.IB,2691200000,0.026263111,0.025877318,-3.8579386,0.02605,0.025630941,-4.190585074,-0.006242737,1.898753159,-0.362395062,10/19/2022,-7.011943127
10/20/2022,210013.IB,2364810000,0.026303081,0.026087824,-2.152571967,0.0261,0.025805758,-2.942416693,0.399697482,1.897507332,-0.399629086,10/20/2022,-6.612245645
10/21/2022,210013.IB,1592200000,0.026359108,0.025988384,-3.707242807,0.026145,0.025727909,-4.170910994,0.560269148,1.877688861,-0.473293934,10/21/2022,-6.051976498
10/24/2022,210013.IB,1610000000,0.026318913,0.026032542,-2.863712342,0.0261,0.025782196,-3.178040698,-0.401948531,1.837287647,-0.468063013,10/24/2022,-6.453925029
10/25/2022,210013.IB,1640620000,0.026328493,0.02609555,-2.329427109,0.026125,0.025844715,-2.802851329,0.095795537,1.836173428,-0.45881833,10/25/2022,-6.358129492
10/26/2022,210013.IB,2055000000,0.02615037,0.025877622,-2.727481734,0.02595,0.025594964,-3.550361388,-1.781225222,1.851395268,-0.412967789,10/26/2022,-8.139354714
10/27/2022,210013.IB,1256550000,0.026048077,0.025661896,-3.861803055,0.02585,0.025411046,-4.389536651,-1.022936474,1.855147291,-0.394310032,10/27/2022,-9.162291188
10/28/2022,210013.IB,690000000,0.025980859,0.025700335,-2.805233612,0.025775,0.025444338,-3.306624261,-0.672179422,1.847574057,-0.345338931,10/28/2022,-9.83447061
10/31/2022,210013.IB,801460000,0.025639021,0.025329352,-3.096696622,0.02545,0.025078944,-3.710563507,-3.418374675,1.902658723,-0.32488568,10/31/2022,-13.25284528
11/1/2022,210013.IB,166950000,0.025860477,0.025461507,-3.989694153,0.02565,0.025201874,-4.481264203,2.214553,1.793959146,-0.148734641,11/1/2022,-12.61798197
11/2/2022,210013.IB,2846500000,0.02604799,0.025764996,-2.829944472,0.025845,0.025508807,-3.361934586,1.875139042,1.627825462,0.377749422,11/2/2022,-10.74284293
11/3/2022,210013.IB,927770000,0.025998766,0.025691449,-3.073170739,0.0258,0.025414683,-3.853166708,-0.492242316,1.607064605,0.452976065,11/3/2022,-11.23508524
11/4/2022,210013.IB,1388000000,0.026250254,0.025892467,-3.577874111,0.02605,0.025672316,-3.776844004,2.514880268,1.607039242,0.40894491,11/4/2022,-8.720204973
11/7/2022,210013.IB,518000000,0.026081879,0.025749261,-3.326183194,0.0259,0.025502883,-3.971167646,-1.683750788,1.621091776,0.47041924,11/7/2022,-10.40395576
11/8/2022,210013.IB,439000000,0.026182797,0.02579273,-3.900672375,0.026,0.025527004,-4.729963432,1.009181418,1.62635314,0.432785607,11/8/2022,-9.394774343
11/9/2022,210013.IB,680000000,0.026103031,0.025855176,-2.478546919,0.025925,0.025631383,-2.936166774,-0.797662913,1.629263664,0.480326492,11/9/2022,-10.19243726
11/10/2022,210013.IB,1351390000,0.026107115,0.02578877,-3.183456546,0.025925,0.025529942,-3.950576439,0.040841848,1.628808849,0.4918126,11/10/2022,-10.15159541
11/11/2022,210013.IB,1321100000,0.026325885,0.026172743,-1.531427234,0.02615,0.025922008,-2.279921441,2.187702288,1.556360928,0.340824276,11/11/2022,-7.96389312
11/14/2022,210013.IB,3490000000,0.027152206,0.026868441,-2.837644891,0.027,0.026675672,-3.243277626,8.263203393,1.929130399,1.490298328,11/14/2022,0.299310273
11/16/2022,210013.IB,4833080000,0.027347258,0.027257867,-0.893905906,0.0272,0.027027118,-1.728818177,1.950522891,1.93933247,1.398202615,11/16/2022,2.249833164
11/17/2022,210013.IB,241270000,0.027116561,0.026986432,-1.301282671,0.02699,0.026751542,-2.384582249,-2.306974244,1.961914658,1.347435611,11/17/2022,-0.05714108
11/18/2022,210013.IB,648000000,0.027504488,0.026993391,-5.110974745,0.027325,0.026752761,-5.722386838,3.879276758,2.026499073,1.242556806,11/18/2022,3.822135678
11/21/2022,210013.IB,783800000,0.027380026,0.026835711,-5.443149089,0.0272,0.026621212,-5.787882341,-1.244621347,2.030936686,1.239688641,11/21/2022,2.577514331
11/22/2022,210013.IB,55000000,0.027589923,0.026982806,-6.07116888,0.0274,0.026733787,-6.662130862,2.098968005,2.025282065,1.168288725,11/22/2022,4.676482335
11/23/2022,210013.IB,650000000,0.027139746,0.026727227,-4.125186677,0.02695,0.026499019,-4.509814082,-4.501769905,2.136775707,0.878260138,11/23/2022,0.17471243
11/25/2022,210013.IB,497500000,0.027084778,0.026670019,-4.147587443,0.026743,0.026497531,-2.45468692,-0.549680136,2.138681983,0.88361698,11/25/2022,-0.374967706
11/25/2022,210013.IB,966000000,0.027084778,0.026670019,-4.147587443,0.0269,0.026497531,-4.02468692,0,2.137190428,0.910942208,11/25/2022,-0.374967706
11/28/2022,210013.IB,341000000,0.027476182,0.026966162,-5.100196413,0.0273,0.026712147,-5.878531082,3.914037396,2.197055462,0.82369914,11/28/2022,3.53906969
11/29/2022,210013.IB,1932400000,0.027971486,0.02737435,-5.971368475,0.0278,0.027156277,-6.437232941,4.953047768,2.290015117,0.774529524,11/29/2022,8.492117458
11/30/2022,210013.IB,2835720000,0.02789094,0.027300725,-5.902150382,0.027725,0.027067633,-6.573671246,-0.805462812,2.28284475,0.850000026,11/30/2022,7.686654646
12/1/2022,210013.IB,1514000000,0.027760279,0.027287421,-4.728586755,0.027598,0.027080972,-5.17027597,-1.30660928,2.254636054,0.886744868,12/1/2022,-9.527389736
12/2/2022,210013.IB,540600000,0.027656492,0.027388055,-2.684361244,0.0275,0.027165013,-3.349872027,-1.037876376,2.232166607,0.987599872,12/2/2022,-10.56526611
12/5/2022,210013.IB,162610000,0.02782679,0.027421252,-4.055379704,0.027666,0.027216278,-4.497223445,1.702981721,2.219498432,1.012222852,12/5/2022,-8.862284392
12/6/2022,210013.IB,28000000,0.027956813,0.027481401,-4.754116495,0.0278,0.02724283,-5.571697694,1.300229255,2.223560274,0.973783099,12/6/2022,-7.562055137
12/7/2022,210013.IB,287700000,0.028093711,0.027540785,-5.529262428,0.02793,0.027338077,-5.919227298,1.36898043,2.187031079,0.963716776,12/7/2022,-6.193074708
12/8/2022,210013.IB,855000000,0.027964195,0.027303356,-6.608387281,0.027803,0.027100533,-7.024665385,-1.295159351,2.19745814,0.967595921,12/8/2022,-7.488234058
12/9/2022,210013.IB,30000000,0.027731432,0.02723122,-5.002118195,0.0276,0.027051005,-5.489946496,-2.327630908,2.228408456,0.947983623,12/9/2022,-9.815864967
12/12/2022,210013.IB,495700000,0.028056534,0.027469203,-5.87330816,0.0279,0.027285034,-6.149659315,3.251022448,2.262542195,0.891468771,12/12/2022,-6.564842518
12/13/2022,210013.IB,365000000,0.028001787,0.027799246,-2.025411863,0.027907,0.027582509,-3.244909516,-0.547470846,2.201457068,0.995955437,12/13/2022,-7.112313364
12/14/2022,210013.IB,86960000,0.028028755,0.027425921,-6.028349355,0.0279,0.027212724,-6.87276132,0.269685715,2.200758651,0.986781787,12/14/2022,-6.842627649
12/15/2022,210013.IB,66000000,0.027722328,0.027555532,-1.667959451,0.0276,0.027376819,-2.231806521,-3.064278095,2.236101566,1.001852137,12/15/2022,-9.906905745
12/16/2022,210013.IB,106280000,0.027822445,0.027369723,-4.527224655,0.02771,0.027152018,-5.579819855,1.001173209,2.224553757,1.035250823,12/16/2022,-8.905732536
12/19/2022,210013.IB,901940000,0.027684512,0.027210036,-4.744759105,0.02755,0.026986543,-5.634573699,-1.379333046,2.235252306,1.055106393,12/19/2022,-10.28506558
12/20/2022,210013.IB,70300000,0.027093438,0.027031232,-0.622059612,0.027,0.026845222,-1.547778378,-5.910740723,2.376112578,0.654225124,12/20/2022,-16.19580631
12/21/2022,210013.IB,210000000,0.027686224,0.027054816,-6.31408654,0.02755,0.026878131,-6.718687097,5.927867462,2.506665075,0.648302478,12/21/2022,-10.26793884
12/22/2022,210013.IB,642280000,0.027539225,0.026870302,-6.689236102,0.0274,0.026668166,-7.318343713,-1.469990999,2.517675763,0.673021947,12/22/2022,-11.73792984
12/23/2022,210013.IB,132000000,0.027244031,0.027215174,-0.288574712,0.0271,0.027017078,-0.829219297,-2.951938217,2.547315708,0.65539618,12/23/2022,-14.68986806
12/27/2022,210013.IB,150000000,0.027341554,0.027181582,-1.599728318,0.02722,0.027000069,-2.199314142,0.975229214,2.53083092,0.608692467,12/27/2022,-13.71463885
12/28/2022,210013.IB,1036000000,0.027309985,0.027238605,-0.713795702,0.0272,0.027031999,-1.680010273,-0.315697965,2.531399463,0.612180053,12/28/2022,-14.03033681
12/29/2022,210013.IB,182900000,0.027294979,0.027252729,-0.422493395,0.02715,0.027043968,-1.060324515,-0.150059399,2.530707082,0.608089113,12/29/2022,-14.18039621
12/30/2022,210013.IB,121240000,0.027097693,0.027092189,-0.05504745,0.02695,0.026870774,-0.792263622,-1.972853108,2.548920937,0.630012571,12/30/2022,-16.15324932
1/3/2023,210013.IB,22090000,0.027244297,0.027041396,-2.029009701,0.0271,0.026827032,-2.729676368,1.466035191,2.555232585,0.602229634,1/3/2023,-12.5437811
1/4/2023,210013.IB,501130000,0.02715453,0.026764393,-3.901371063,0.027,0.026545842,-4.541575526,-0.897669287,2.559136452,0.633088608,1/4/2023,-13.44145039
1/5/2023,210013.IB,1344500000,0.027175255,0.026945817,-2.294373121,0.027038,0.026712894,-3.251061063,0.207247551,2.557886269,0.619499346,1/5/2023,-13.23420284
1/6/2023,210013.IB,1513990000,0.027264006,0.027058657,-2.053487955,0.027125,0.026850774,-2.742259888,0.887512722,2.559819845,0.59941253,1/6/2023,-12.34669011
1/9/2023,210013.IB,1180000000,0.027344735,0.027165074,-1.796608136,0.0272,0.026937086,-2.629140514,0.807290575,2.545624451,0.556405593,1/9/2023,-11.53939954
1/10/2023,210013.IB,2099560000,0.027753135,0.02724171,-5.114246501,0.0276,0.02703764,-5.623603673,4.083999438,2.594923549,0.472934731,1/10/2023,-7.455400101
1/11/2023,210013.IB,810000000,0.027530956,0.027109721,-4.212349414,0.0274,0.026907076,-4.929244261,-2.221792276,2.616007619,0.480050758,1/11/2023,-9.677192377
1/12/2023,210013.IB,1771020000,0.027559705,0.027338027,-2.216785473,0.027417,0.027134457,-2.825433609,0.287497649,2.561248555,0.485574834,1/12/2023,-9.389694728
1/13/2023,210013.IB,2370000000,0.0276932,0.027503898,-1.893014163,0.02755,0.027305279,-2.447206818,1.334940638,2.55161846,0.505876459,1/13/2023,-8.05475409
1/16/2023,210013.IB,3069080000,0.027834586,0.027815551,-0.190351185,0.0277,0.027593732,-1.062677097,1.413866997,2.546977071,0.517000828,1/16/2023,-6.640887093
1/17/2023,210013.IB,286050000,0.027828596,0.027601346,-2.272507197,0.0277,0.027401218,-2.987823155,-0.059899684,2.544811146,0.508486927,1/17/2023,-6.700786777
1/18/2023,210013.IB,1634000000,0.027697559,0.027584595,-1.129645227,0.027566,0.027387773,-1.78227178,-1.310367862,2.536544108,0.588316339,1/18/2023,-8.011154639
1/19/2023,210013.IB,2430000,0.027779161,0.0276043,-1.74860764,0.02765,0.027422582,-2.274181913,0.81601255,2.521751438,0.547458456,1/19/2023,-7.19514209
1/20/2023,210013.IB,137200000,0.027699793,0.027777729,0.779358367,0.027599,0.027614102,0.151015232,-0.793675772,2.524804811,0.587408454,1/20/2023,-7.988817862
1/30/2023,210013.IB,388200000,0.027522538,0.02761625,0.937119019,0.0274,0.027421426,0.214260574,-1.772550399,2.536967431,0.593162683,1/30/2023,-9.761368261
2/1/2023,210013.IB,459730000,0.027625424,0.027345423,-2.800007419,0.02738,0.02710879,-2.712104609,1.028859897,2.538844418,0.568308624,2/1/2023,14.09897805
2/1/2023,210013.IB,24500000,0.027625424,0.027345423,-2.800007419,0.0275,0.02710879,-3.912104609,0,2.524810607,0.622848788,2/1/2023,14.09897805
2/6/2023,210013.IB,101400000,0.02768721,0.027441573,-2.456374725,0.02755,0.027217317,-3.326833646,0.617859439,2.252286804,0.162476184,2/6/2023,14.71683749
2/6/2023,210013.IB,128500000,0.02768721,0.027441573,-2.456374725,0.02755,0.027217317,-3.326833646,0,2.236857516,0.208271373,2/6/2023,14.71683749
2/7/2023,210013.IB,690000000,0.027760799,0.027358581,-4.022181866,0.027611,0.027152941,-4.58059345,0.735890845,2.21267725,0.156136986,2/7/2023,15.45272834
2/8/2023,210013.IB,555000000,0.027842788,0.027466057,-3.767312418,0.0277,0.027279351,-4.206492344,0.81989385,2.149519299,0.149534304,2/8/2023,16.27262219
2/9/2023,210013.IB,300000000,0.027825429,0.027374985,-4.504445125,0.02768,0.027213464,-4.66535885,-0.173591583,2.141657483,0.124959526,2/9/2023,16.0990306
2/10/2023,210013.IB,51000000,0.027836128,0.027504496,-3.316321719,0.027675,0.027319918,-3.550817911,0.106985751,2.12233905,0.168965102,2/10/2023,16.20601635
2/13/2023,210013.IB,17000000,0.027820894,0.027434229,-3.866653942,0.027675,0.027249879,-4.251211249,-0.152336008,2.020726274,0.298080049,2/13/2023,16.05368035
2/14/2023,210013.IB,71020000,0.027847746,0.027270507,-5.772384539,0.0277,0.027089195,-6.108054979,0.26851443,2.018417062,0.27483826,2/14/2023,16.32219478
2/15/2023,210013.IB,10400000,0.027763725,0.02741067,-3.530549877,0.027631,0.027232139,-3.988605865,-0.840206816,2.02310959,0.296198119,2/15/2023,15.48198796
2/16/2023,210013.IB,53500000,0.027632758,0.027399668,-2.330900212,0.0275,0.027221474,-2.785260542,-1.309669429,1.959168559,0.335077278,2/16/2023,14.17231853
2/17/2023,210013.IB,438000000,0.027656977,0.027425455,-2.315219184,0.027525,0.027225266,-2.997337615,0.242186729,1.829176011,0.169476473,2/17/2023,14.41450526
2/20/2023,210013.IB,1750000000,0.027730945,0.02727222,-4.587254247,0.0276,0.027092986,-5.070136419,0.739683424,1.829421991,0.120266253,2/20/2023,15.15418868
2/21/2023,210013.IB,270000000,0.027931399,0.027340442,-5.909571421,0.0278,0.027175628,-6.243719002,2.004536147,1.841970746,0.041263279,2/21/2023,17.15872483
2/22/2023,210013.IB,12500000,0.027879778,0.027397794,-4.819839997,0.027751,0.027246348,-5.046519001,-0.516211552,1.837340191,0.027551845,2/22/2023,16.64251328
2/23/2023,210013.IB,120000000,0.027847517,0.027483138,-3.643787338,0.027725,0.027326998,-3.980016023,-0.322606154,1.822601059,0.081296112,2/23/2023,16.31990712
2/24/2023,210013.IB,45800000,0.027922863,0.027412523,-5.103400602,0.0278,0.027227091,-5.72908838,0.753459762,1.816421705,0.094708602,2/24/2023,17.07336689
2/27/2023,210013.IB,432300000,0.028048275,0.027251798,-7.96477696,0.0279,0.027109771,-7.90228664,1.254123405,1.814752242,0.096818239,2/27/2023,18.32749029
2/28/2023,210013.IB,202310000,0.028038166,0.027365103,-6.73062936,0.0279,0.027174167,-7.258325752,-0.101092045,1.805504097,0.064843387,2/28/2023,18.22639825
3/1/2023,210013.IB,145230000,0.027963759,0.027503843,-4.59916508,0.027825,0.027324443,-5.005568875,-0.744067504,1.777813343,0.058374288,3/1/2023,0.303570378
3/2/2023,210013.IB,605890000,0.027925526,0.027545969,-3.795573537,0.027799,0.027399168,-3.998315296,-0.382329601,1.718613799,0.061475839,3/2/2023,-0.078759223
3/3/2023,210013.IB,690000000,0.028023477,0.027503145,-5.203321021,0.0279,0.027337764,-5.622362075,0.979502207,1.722641894,0.010871157,3/3/2023,0.900742985
3/6/2023,210013.IB,1895410000,0.027727285,0.027487518,-2.397673303,0.0276,0.027320712,-2.79288201,-2.961917212,1.771407067,0.026015078,3/6/2023,-2.061174228
3/7/2023,210013.IB,340640000,0.027727476,0.027228778,-4.98698018,0.0276,0.027040288,-5.597117456,0.001907388,1.718639399,0.028186815,3/7/2023,-2.05926684
3/8/2023,210013.IB,793990000,0.02777878,0.027106959,-6.718209228,0.02765,0.026953478,-6.9652167,0.513040825,1.71431136,0.042472524,3/8/2023,-1.546226015
3/9/2023,210013.IB,184190000,0.027731986,0.027195972,-5.360139592,0.0276,0.027024314,-5.756862175,-0.467934325,1.704458158,0.020448743,3/9/2023,-2.01416034
3/10/2023,210013.IB,1029390000,0.027600766,0.027437351,-1.634147986,0.027486,0.027277573,-2.0842711,-1.312207457,1.493543822,1.109861734,3/10/2023,-3.326367797
3/13/2023,210013.IB,1292820000,0.02768016,0.027417003,-2.631577149,0.02755,0.027262481,-2.875192026,0.793947001,1.24530387,0.061622558,3/13/2023,-2.532420796
3/14/2023,210013.IB,1450000000,0.02758555,0.027067629,-5.179207991,0.027475,0.026902388,-5.726124721,-0.946101475,1.235063581,0.062374926,3/14/2023,-3.478522271
3/15/2023,210013.IB,450000000,0.027715423,0.027070856,-6.445671295,0.0276,0.026947097,-6.529029589,1.298731094,1.173045073,0.207368342,3/15/2023,-2.179791177
3/16/2023,210013.IB,71300000,0.027564732,0.02711387,-4.508619017,0.02744,0.026967651,-4.723490768,-1.50691506,1.187150052,0.270472167,3/16/2023,-3.686706237
3/17/2023,210013.IB,273730000,0.027423028,0.027298714,-1.243138477,0.027318,0.027138676,-1.793235077,-1.417037219,1.203732946,0.279689587,3/17/2023,-5.103743455
3/20/2023,210013.IB,751000000,0.027325898,0.027213518,-1.123799418,0.027211,0.027064238,-1.467616779,-0.971300032,1.211554388,0.304922911,3/20/2023,-6.075043487
3/22/2023,210013.IB,370000000,0.02729256,0.027147816,-1.447437702,0.0272,0.026979906,-2.20094481,-0.333379557,1.179306239,0.341564829,3/22/2023,-6.408423044
3/27/2023,210013.IB,40000000,0.027455299,0.027356514,-0.987851485,0.02735,0.027181031,-1.689688404,1.627391525,1.18342052,0.343285236,3/27/2023,-4.781031519
3/28/2023,210013.IB,93500000,0.027476079,0.027201098,-2.749809926,0.02735,0.027026571,-3.234294562,0.207803139,1.175957772,0.302279088,3/28/2023,-4.573228379
3/29/2023,210013.IB,880000000,0.027499135,0.027069738,-4.293967092,0.027375,0.026912487,-4.625125252,0.230556466,1.176018962,0.301026826,3/29/2023,-4.342671913
3/30/2023,210013.IB,205350000,0.027470032,0.027164982,-3.050495994,0.02735,0.026993858,-3.561415564,-0.291031307,1.171093113,0.359385626,3/30/2023,-4.633703219
3/31/2023,210013.IB,413530000,0.02728205,0.027134108,-1.4794193,0.027175,0.026948016,-2.269837071,-1.879821825,1.196093647,0.385549227,3/31/2023,-6.513525044
4/3/2023,210013.IB,872310000,0.027481849,0.027123204,-3.586455615,0.02735,0.026946638,-4.033624373,1.997993832,1.083564447,-0.344951866,4/3/2023,5.551582457
4/4/2023,210013.IB,297200000,0.027472706,0.02714776,-3.249462735,0.02735,0.026965429,-3.84571303,-0.091428353,1.038441136,-0.331350775,4/4/2023,5.460154104
4/6/2023,210013.IB,402900000,0.02746164,0.027117533,-3.441072704,0.02735,0.026956246,-3.937543148,-0.110662709,1.037642938,-0.308886435,4/6/2023,5.349491394
4/7/2023,210013.IB,1280000000,0.027414782,0.027313424,-1.013575845,0.02731,0.027118066,-1.919344021,-0.468582603,1.021144919,-0.264671038,4/7/2023,4.880908791
4/10/2023,210013.IB,1140000000,0.027453975,0.027051804,-4.021709957,0.027325,0.026883328,-4.416719771,0.391935658,1.00156622,-0.280663971,4/10/2023,5.272844449
4/11/2023,210013.IB,709000000,0.027381298,0.026800773,-5.805250063,0.02725,0.026634125,-6.158751181,-0.726771764,1.005693114,-0.241778556,4/11/2023,4.546072685
4/12/2023,210013.IB,1436460000,0.027169116,0.026789906,-3.792097038,0.02705,0.02662342,-4.265801603,-2.121820995,1.031480865,-0.29897341,4/12/2023,2.42425169
4/13/2023,210013.IB,400000000,0.027198817,0.026643759,-5.550582339,0.027075,0.026489543,-5.854566829,0.297013395,1.024742771,-0.287328213,4/13/2023,2.721265085
4/14/2023,210013.IB,51900000,0.027272556,0.026545271,-7.27285863,0.027149,0.026356032,-7.929675208,0.737389125,1.026910346,-0.360022922,4/14/2023,3.45865421
4/17/2023,210013.IB,830000000,0.027327347,0.026951271,-3.760761684,0.0272,0.02677842,-4.215796841,0.547906904,1.001742216,-0.427536803,4/17/2023,4.006561113
4/18/2023,210013.IB,3720000000,0.027265757,0.026947575,-3.181818498,0.02715,0.026785159,-3.648414037,-0.615897382,0.993102502,-0.365969703,4/18/2023,3.390663732
4/19/2023,210013.IB,3491500000,0.027203854,0.026928405,-2.75449635,0.027095,0.026776581,-3.184189772,-0.619028592,0.99598297,-0.327772763,4/19/2023,2.77163514
4/20/2023,210013.IB,210740000,0.027207805,0.027161114,-0.466902791,0.0271,0.027007855,-0.921454762,0.039500913,0.991107427,-0.303820829,4/20/2023,2.811136053
4/21/2023,210013.IB,4800000,0.027190058,0.026923073,-2.669847819,0.027076,0.026789918,-2.860817628,-0.177468329,0.991075476,-0.292801178,4/21/2023,2.633667724
4/24/2023,210013.IB,775000000,0.02709137,0.026826589,-2.647806216,0.026975,0.026658454,-3.165462937,-0.986876185,0.991382567,-0.21209914,4/24/2023,1.64679154
4/25/2023,210013.IB,1010000000,0.027115926,0.026748657,-3.672691725,0.027,0.026561287,-4.387128825,0.245559578,0.983561443,-0.198691023,4/25/2023,1.892351118
4/26/2023,210013.IB,632750000,0.027054095,0.026761028,-2.930668059,0.026925,0.026589897,-3.351029992,-0.618315495,0.985784752,-0.171713239,4/26/2023,1.274035623
4/28/2023,210013.IB,573830000,0.02655246,0.026314166,-2.382941567,0.026455,0.026158237,-2.967630682,-5.016340804,1.196955457,-1.212959656,4/28/2023,-3.742305181
5/4/2023,210013.IB,636790000,0.026554411,0.026384471,-1.699401373,0.02645,0.026221284,-2.287161242,0.019509594,1.197496882,-1.219954523,5/4/2023,-7.831135882
5/5/2023,210013.IB,160960000,0.026328628,0.026203468,-1.251603611,0.02622,0.026031099,-1.889007494,-2.257832288,1.227339947,-1.097116954,5/5/2023,-10.08896817
5/8/2023,210013.IB,203690000,0.026417442,0.025967026,-4.504164576,0.026313,0.025810318,-5.026820622,0.888141203,1.236054176,-1.140432509,5/8/2023,-9.200826967
5/9/2023,210013.IB,319980000,0.026416467,0.026144363,-2.721045019,0.0263,0.025972605,-3.27395136,-0.009748721,1.227538886,-1.217108789,5/9/2023,-9.210575688
5/10/2023,210013.IB,236190000,0.026422583,0.026121873,-3.00709699,0.0263,0.025968755,-3.312445591,0.061156796,1.226368151,-1.212428324,5/10/2023,-9.149418892
5/11/2023,210013.IB,1063310000,0.025911741,0.025525077,-3.866642787,0.0258,0.025346994,-4.530058292,-5.108420516,1.394103434,-1.447095066,5/11/2023,-14.25783941
5/12/2023,210013.IB,413660000,0.025968236,0.025932254,-0.359820618,0.02585,0.025786567,-0.634326152,0.564949734,1.359324932,-1.598001975,5/12/2023,-13.69288967
5/15/2023,210013.IB,530000000,0.026014063,0.025881694,-1.323688386,0.0259,0.025694612,-2.05388208,0.45827123,1.364389876,-1.619446994,5/15/2023,-13.23461844
5/16/2023,210013.IB,1410000000,0.026112197,0.025920713,-1.914839423,0.026,0.025783122,-2.168776804,0.981337862,1.37750532,-1.612597808,5/16/2023,-12.25328058
5/17/2023,210013.IB,440000000,0.02610891,0.025906072,-2.028373723,0.026,0.025760155,-2.398451237,-0.032871371,1.369315475,-1.616632054,5/17/2023,-12.28615195
5/18/2023,210013.IB,414000000,0.026048834,0.025900471,-1.483635648,0.02595,0.025746063,-2.039366731,-0.60075406,1.34999739,-1.637546176,5/18/2023,-12.88690601
5/19/2023,210013.IB,130000000,0.026090052,0.025878772,-2.112796682,0.025975,0.025694931,-2.800688072,0.412173668,1.354175352,-1.641661664,5/19/2023,-12.47473234
5/22/2023,210013.IB,325000000,0.02597722,0.02579067,-1.865496914,0.02585,0.025610065,-2.399346074,-1.128321578,1.357251899,-1.615964107,5/22/2023,-13.60305392
5/23/2023,210013.IB,689120000,0.02553853,0.025375408,-1.631226463,0.02543,0.025216287,-2.137129792,-4.386891449,1.46766793,-1.523268528,5/23/2023,-17.98994537
5/24/2023,210013.IB,1594000000,0.025530943,0.025656185,1.252419597,0.025425,0.025466198,0.411982237,-0.075871753,1.454089709,-1.541740885,5/24/2023,-18.06581712
5/25/2023,210013.IB,1148480000,0.025610066,0.025262421,-3.476457048,0.0255,0.025113584,-3.864161602,0.791231351,1.421493259,-1.691023491,5/25/2023,-17.27458577
5/26/2023,210013.IB,1068120000,0.025604106,0.025466223,-1.378827835,0.0255,0.025327153,-1.728471656,-0.059602244,1.421151192,-1.689773816,5/26/2023,-17.33418802
5/29/2023,210013.IB,1640000000,0.02546769,0.025532528,0.648377143,0.025375,0.025374845,-0.001545251,-1.364158483,1.420678573,-1.621582813,5/29/2023,-18.6983465
5/30/2023,210013.IB,2850000000,0.025350539,0.02536903,0.184905124,0.02525,0.025192374,-0.576262977,-1.17151205,1.424145678,-1.581748401,5/30/2023,-19.86985855
5/31/2023,210013.IB,1109190000,0.025300824,0.025081733,-2.190907007,0.0252,0.024925617,-2.743833427,-0.497152071,1.419140131,-1.629866401,5/31/2023,-20.36701062
6/1/2023,210013.IB,868430000,0.025202263,0.025180128,-0.221347337,0.0251,0.025008577,-0.914227019,-0.985612821,1.409528476,-1.600895404,6/1/2023,5.352768883
6/2/2023,210013.IB,1933000000,0.025301722,0.025219864,-0.818579679,0.0252,0.025034543,-1.65457436,0.994589796,1.423241618,-1.615126242,6/2/2023,6.347358679
6/5/2023,210013.IB,283420000,0.025245898,0.025209092,-0.368054454,0.025139,0.02503113,-1.078701658,-0.558240795,1.401002473,-1.651822588,6/5/2023,5.789117884
6/6/2023,210013.IB,140400000,0.025217331,0.025274703,0.573714063,0.0251,0.025103676,0.036763917,-0.285661352,1.393755672,-1.723954815,6/6/2023,5.503456532
6/7/2023,210013.IB,1050000000,0.025109861,0.02512697,0.171089056,0.025,0.024907127,-0.928727692,-1.074701064,1.389919621,-1.748675356,6/7/2023,4.428755468
6/8/2023,210013.IB,80000000,0.025110918,0.025045918,-0.649997145,0.025,0.024892815,-1.071854578,0.010569061,1.389530316,-1.792042033,6/8/2023,4.439324529
6/9/2023,210013.IB,360000000,0.025016472,0.024957655,-0.588168321,0.0249,0.02479011,-1.098902159,-0.944458867,1.391198806,-1.759400345,6/9/2023,3.494865661
6/12/2023,210013.IB,405000000,0.025018767,0.024952071,-0.666965731,0.0249,0.024785299,-1.147013878,0.022948828,1.360967331,-1.879322569,6/12/2023,3.517814489
6/13/2023,210013.IB,541070000,0.024607512,0.024710711,1.031992145,0.024506,0.024554568,0.48567973,-4.112553106,1.448430396,-1.699893601,6/13/2023,-0.594738617
6/14/2023,210013.IB,513000000,0.024560495,0.024399471,-1.610239492,0.024444,0.024229568,-2.144320088,-0.470170052,1.443963859,-1.689247075,6/14/2023,-1.064908669
6/15/2023,210013.IB,200910000,0.024819996,0.024827874,0.078773272,0.02471,0.024659534,-0.504659643,2.595014933,1.51080654,-1.40039481,6/15/2023,1.530106264
6/16/2023,210013.IB,170510000,0.025001859,0.025038523,0.366640055,0.0249,0.024922393,0.223928732,1.818624413,1.533279624,-1.400880384,6/16/2023,3.348730676
6/19/2023,210013.IB,149200000,0.025399245,0.02541947,0.20224878,0.0253,0.025282843,-0.171569472,3.97386578,1.619080078,-0.914672129,6/19/2023,7.322596457
6/20/2023,210013.IB,1126370000,0.025304957,0.025327912,0.229551754,0.0252,0.025164292,-0.357081,-0.942882562,1.620048685,-0.881387125,6/20/2023,6.379713894
6/21/2023,210013.IB,431700000,0.025154492,0.025258547,1.040546652,0.02506,0.025116447,0.564473092,-1.504652106,1.626235081,-0.824379755,6/21/2023,4.875061788
6/26/2023,210013.IB,591080000,0.025094904,0.025050052,-0.448521227,0.025,0.024900394,-0.996060489,-0.595880818,1.626343929,-0.819383019,6/26/2023,4.27918097
6/27/2023,210013.IB,610360000,0.025197462,0.025217272,0.198099306,0.0251,0.025067827,-0.3217305,1.025579946,1.635407535,-0.817181045,6/27/2023,5.304760917
6/29/2023,210013.IB,295000000,0.025178307,0.025220797,0.424896694,0.025075,0.025077934,0.029343786,-0.191546649,1.635321076,-0.837379792,6/29/2023,5.113214267
6/30/2023,210013.IB,588000000,0.024913071,0.024869381,-0.4368927,0.024805,0.024689984,-1.150159501,-2.652366583,1.647868507,-0.826442657,6/30/2023,2.460847684
7/3/2023,210013.IB,881750000,0.025027203,0.02471899,-3.08213044,0.0249,0.024537234,-3.627661264,1.141323296,1.659732485,-0.823992532,7/3/2023,-11.09255804
7/4/2023,210013.IB,364400000,0.025027254,0.024984219,-0.430351234,0.0249,0.024821028,-0.789719992,0.000516177,1.652518759,-0.814216728,7/4/2023,-11.09204186
7/5/2023,210013.IB,169700000,0.024909526,0.024852061,-0.574650372,0.0248,0.024655643,-1.443567356,-1.177283108,1.64934988,-0.760522509,7/5/2023,-12.26932497
7/6/2023,210013.IB,1232110000,0.024815323,0.02476789,-0.474327437,0.0247,0.024604687,-0.95312774,-0.942030152,1.65050479,-0.747132854,7/6/2023,-13.21135512
7/7/2023,210013.IB,640000000,0.024719186,0.024836926,1.177399657,0.02461,0.024683651,0.736512058,-0.961369153,1.651735089,-0.733110135,7/7/2023,-14.17272428
7/10/2023,210013.IB,723500000,0.024658227,0.024808364,1.501367623,0.02455,0.024640782,0.907821173,-0.609590968,1.650017839,-0.711776774,7/10/2023,-14.78231524
7/11/2023,210013.IB,400650000,0.024611993,0.024739925,1.279326145,0.0245,0.024594932,0.949321711,-0.462343429,1.649351766,-0.702121334,7/11/2023,-15.24465867
7/12/2023,210013.IB,1205900000,0.02460857,0.024963048,3.544781321,0.024503,0.024790636,2.876355863,-0.034230736,1.649300164,-0.736932443,7/12/2023,-15.27888941
7/13/2023,210013.IB,800300000,0.02470945,0.02489374,1.842904988,0.0246,0.024726747,1.267466734,1.008802348,1.659597995,-0.738207195,7/13/2023,-14.27008706
7/18/2023,210013.IB,716190000,0.024456956,0.024808772,3.518163574,0.02435,0.024679548,3.295483343,-2.524939565,1.684032533,-0.67332342,7/18/2023,-16.79502663
7/19/2023,210013.IB,314200000,0.024516712,0.024478793,-0.379191554,0.0244,0.02431204,-0.879601524,0.597557149,1.563287493,-0.565841987,7/19/2023,-16.19746948
7/20/2023,210013.IB,110000000,0.02445543,0.024657958,2.025283432,0.02435,0.024492842,1.428421374,-0.612819172,1.562342179,-0.542294785,7/20/2023,-16.81028865
7/21/2023,210013.IB,1981000000,0.024356809,0.024358542,0.017331688,0.024255,0.02420228,-0.527200557,-0.986205955,1.542438052,-0.580696562,7/21/2023,-17.7964946
7/24/2023,210013.IB,554550000,0.024270082,0.02450651,2.364281234,0.02415,0.024374243,2.242429005,-0.867270649,1.532794504,-0.533542245,7/24/2023,-18.66376525
7/25/2023,210013.IB,2257810000,0.024286931,0.024781394,4.944636477,0.0242,0.024659262,4.59262217,0.168485681,1.533973272,-0.538703066,7/25/2023,-18.49527957
7/26/2023,210013.IB,639300000,0.024903972,0.02489276,-0.112128314,0.0248,0.024729234,-0.707659927,6.170416569,1.789868691,0.481283308,7/26/2023,-12.324863
7/27/2023,210013.IB,1162000000,0.02465004,0.024719502,0.694617607,0.02455,0.02458471,0.347095315,-2.539324916,1.685006142,0.912466469,7/27/2023,-14.86418792
7/28/2023,210013.IB,1335000000,0.024706057,0.024503232,-2.028250172,0.0246,0.024350387,-2.496126962,0.560170265,1.68495991,0.912676032,7/28/2023,-14.30401766
7/31/2023,210013.IB,510440000,0.024911435,0.024654232,-2.572032875,0.024795,0.024446716,-3.482838635,2.05377964,1.712992161,0.859818307,7/31/2023,-12.25023802
8/1/2023,210013.IB,3045340000,0.02487807,0.024626007,-2.520625221,0.02475,0.024453555,-2.964454483,-0.333650814,1.704411011,0.913372422,8/1/2023,-10.75568419
8/2/2023,210013.IB,1415100000,0.02484501,0.024708492,-1.365178449,0.024725,0.024521683,-2.033173737,-0.330601903,1.704173195,0.924521065,8/2/2023,-11.0862861
8/4/2023,210013.IB,963300000,0.024611473,0.024320522,-2.909508846,0.024499,0.024184203,-3.147970688,-2.335367499,1.728387809,0.91239751,8/4/2023,-13.4216536
8/7/2023,210013.IB,90450000,0.024612204,0.024581376,-0.308276052,0.0245,0.024344882,-1.551176425,0.007307092,1.72603785,0.929371378,8/7/2023,-13.4143465
8/8/2023,210013.IB,400400000,0.024567401,0.024520744,-0.466574436,0.02445,0.024354791,-0.952087167,-0.448020604,1.722096642,0.913642182,8/8/2023,-13.86236711
8/9/2023,210013.IB,1709400000,0.024656981,0.024461641,-1.95340865,0.02454,0.024346867,-1.931327835,0.895799539,1.62640339,1.22276167,8/9/2023,-12.96656757
8/10/2023,210013.IB,1850000000,0.024729093,0.024450827,-2.782655082,0.0246,0.024275371,-3.24629265,0.72111506,1.631208014,1.185187506,8/10/2023,-12.24545251
8/11/2023,210013.IB,1010000000,0.024700449,0.024372469,-3.279798143,0.024575,0.02422615,-3.488499113,-0.286440728,1.625602044,1.234364221,8/11/2023,-12.53189324
8/14/2023,210013.IB,2032000000,0.024492442,0.024420065,-0.723778539,0.024375,0.024237615,-1.373850927,-2.08006483,1.647030254,1.231148756,8/14/2023,-14.61195807
8/15/2023,210013.IB,527000000,0.024174822,0.024102879,-0.71942191,0.024069,0.023953453,-1.155470168,-3.176207941,1.691102451,1.100124866,8/15/2023,-17.78816601
8/16/2023,210013.IB,69000000,0.023981854,0.023752287,-2.295668665,0.023887,0.023608239,-2.78761106,-1.929673245,1.702580371,1.089256088,8/16/2023,-19.71783925
8/17/2023,210013.IB,685840000,0.024108747,0.023983217,-1.255301158,0.023999,0.023837469,-1.615310873,1.268931776,1.71584689,1.015526882,8/17/2023,-18.44890748
8/18/2023,210013.IB,452000000,0.024060635,0.023906911,-1.537238754,0.02395,0.023727678,-2.223217822,-0.481125991,1.71290421,1.004200184,8/18/2023,-18.93003347
8/21/2023,210013.IB,160320000,0.023931332,0.023817295,-1.140367958,0.023825,0.023723527,-1.014730627,-1.293031531,1.710178086,1.079274993,8/21/2023,-20.223065
8/22/2023,210013.IB,190000000,0.023999276,0.023836538,-1.62738152,0.0239,0.023696832,-2.031675295,0.67944284,1.714836847,1.029482918,8/22/2023,-19.54362216
8/23/2023,210013.IB,870000000,0.024061643,0.023690914,-3.70729406,0.02395,0.023559889,-3.901107584,0.623674832,1.719171544,0.991688501,8/23/2023,-18.91994733
8/24/2023,210013.IB,691000000,0.02406131,0.023730211,-3.310988938,0.02395,0.023598201,-3.5179905,-0.003331879,1.715196078,0.962452636,8/24/2023,-18.9232792
8/25/2023,210013.IB,520000000,0.023986543,0.023904192,-0.823516867,0.0239,0.023756267,-1.437331674,-0.747669611,1.71653289,0.986858493,8/25/2023,-19.67094882
8/29/2023,210013.IB,74120000,0.02452321,0.024414088,-1.091216176,0.024425,0.024285393,-1.396069987,5.366666513,1.882950809,1.08117578,8/29/2023,-14.3042823
8/30/2023,210013.IB,380000000,0.024400675,0.024254589,-1.460865287,0.0243,0.024116408,-1.835917579,-1.225346374,1.889437349,1.106579404,8/30/2023,-15.52962868
8/31/2023,210013.IB,82030000,0.024320062,0.023994614,-3.254478222,0.024226,0.023838761,-3.872385142,-0.806135304,1.804628804,1.378239996,8/31/2023,-16.33576398
9/1/2023,210013.IB,638000000,0.024717775,0.024392445,-3.253300699,0.0246,0.024244296,-3.557039043,3.977135471,1.889690892,1.255596063,9/1/2023,13.52706864
9/4/2023,210013.IB,990000000,0.024694429,0.024666975,-0.274539728,0.0246,0.02451603,-0.839696181,-0.233467349,1.854103167,1.369135774,9/4/2023,13.29360129
9/5/2023,210013.IB,423300000,0.02490621,0.02478094,-1.252708095,0.0248,0.024644862,-1.551383722,2.117818843,1.860515665,1.356520538,9/5/2023,15.41142013
9/6/2023,210013.IB,207800000,0.025206832,0.024773029,-4.338030788,0.0251,0.024604706,-4.952938602,3.006218631,1.823545556,1.351190295,9/6/2023,18.41763876
9/13/2023,210013.IB,200000000,0.025192175,0.025007073,-1.851022111,0.0251,0.024895212,-2.047877798,-0.146571612,1.819049101,1.336679479,9/13/2023,18.27106715
