,dates,Volume,Zero,NssZero,DiffZero,Yield,NssYield,DiffYield,dayRet,stdev,skew,pct_chg,month_cum,month_pct,scale,dates_2,month_cum_2,signal,month_delta,month_diff,yhat,prophet-signal
0,12/27/2021,2470000000,0.028497189,0.02819128,-3.059122609,0.028325,0.027942303,-3.826973993,-1.611460598,1.65104876,-0.039603871,0.005654806,-3.515817906,1.25%,-10,12/27/2021,-1.611460598,-1,0,0,,
1,12/28/2021,6300000000,0.028374874,0.02792435,-4.505241957,0.028225,0.027687525,-5.374747453,-1.223151127,1.655025039,-0.002711585,0.004310684,-4.738969033,1.68%,-10,12/28/2021,-2.834611725,-1,0,0,,
2,12/29/2021,8135100000,0.02824144,0.02787865,-3.627930333,0.028084,0.027636632,-4.473675386,-1.334331308,1.646780001,0.069219279,0.004724728,-6.073300341,2.15%,-10,12/29/2021,-4.168943033,-1,0,0,,
3,12/30/2021,6055050000,0.02796034,0.02780551,-1.548281709,0.0278,0.027509151,-2.90848675,-2.81100472,1.652775055,0.061338345,0.010053543,-8.884305062,3.16%,-10,12/30/2021,-6.979947753,-1,0,0,,
4,12/31/2021,1562450000,0.028026692,0.02772701,-2.99682709,0.027866,0.027422256,-4.437437724,0.663524605,1.652228081,0.062194941,-0.002367474,-8.220780456,2.92%,-10,12/31/2021,-6.316423148,-1,0,0,,
5,1/4/2022,10234590000,0.028058268,0.02765241,-4.05856296,0.027866,0.02734795,-5.180501441,0.315758864,1.644771788,0.075684619,-0.001125368,0.315758864,-0.11%,-15,1/4/2022,0.315758864,1,0,1,,
6,1/5/2022,6876450000,0.028149978,0.027802,-3.479782574,0.02795,0.027484896,-4.651039477,0.917092646,1.654799116,0.019354815,-0.003257881,1.23285151,-0.44%,-15,1/5/2022,1.23285151,1,0,1,,
7,1/6/2022,10656310000,0.028391169,0.02765168,-7.394919729,0.02821,0.027394997,-8.150030016,2.411917644,1.696528437,0.042825668,-0.008495309,3.644769153,-1.29%,-15,1/6/2022,3.644769154,1,0,1,,
8,1/7/2022,6264390000,0.028351982,0.02778374,-5.682465618,0.02815,0.027515549,-6.344506723,-0.391869742,1.6965261,0.043755907,0.00138216,3.252899411,-1.15%,-15,1/7/2022,3.252899412,1,0,1,,
9,1/10/2022,5653400000,0.028060561,0.02786852,-1.920391928,0.027861,0.027554832,-3.061682124,-2.91421501,1.728475643,0.094874153,0.010385448,0.338684402,-0.11%,-15,1/10/2022,0.338684402,1,0,1,,
10,1/11/2022,8846860000,0.028171291,0.02771802,-4.532733455,0.027971,0.027420161,-5.508391356,1.107296647,1.70004405,0.03979738,-0.003930585,1.445981049,-0.50%,-15,1/11/2022,1.445981049,1,0,1,,
11,1/12/2022,4150000000,0.027972152,0.02749402,-4.781275265,0.027775,0.027222066,-5.529339228,-1.99138826,1.715131889,0.078508756,0.007119182,-0.545407211,0.21%,-15,1/12/2022,-0.545407211,-1,0,1,,
12,1/13/2022,8677100000,0.027880793,0.02770127,-1.795211626,0.0277,0.027409822,-2.901775564,-0.913585923,1.69098977,0.062328099,0.003276757,-1.458993134,0.54%,-15,1/13/2022,-1.458993134,-1,0,1,,
13,1/14/2022,5568350000,0.02786502,0.0276712,-1.938180348,0.027678,0.027400258,-2.777422941,-0.157735578,1.679950046,0.016581519,0.00056607,-1.616728713,0.59%,-15,1/14/2022,-1.616728712,-1,0,1,,
14,1/17/2022,9100000000,0.027794148,0.02750703,-2.871202118,0.0276,0.027207971,-3.920290617,-0.708718269,1.613767601,0.08194525,0.002549883,-2.325446981,0.85%,-15,1/17/2022,-2.325446981,-1,0,1,,
15,1/18/2022,7590000000,0.027178137,0.02702381,-1.543251089,0.027,0.026726168,-2.738317839,-6.160104699,1.786754255,-0.429684668,0.022665662,-8.48555168,3.11%,-15,1/18/2022,-8.48555168,-1,0,1,,
16,1/19/2022,5897500000,0.026884073,0.02664965,-2.344231887,0.0267,0.026327312,-3.726876534,-2.940647163,1.804717406,-0.345328504,0.01093825,-11.42619884,4.21%,-15,1/19/2022,-11.42619884,-1,0,1,,
17,1/20/2022,4780640000,0.026971507,0.02648242,-4.89091058,0.02675,0.026168838,-5.811622602,0.874348296,1.814968363,-0.36908111,-0.003241748,-10.55185055,3.88%,-15,1/20/2022,-10.55185055,-1,0,1,,
18,1/21/2022,4654110000,0.026653705,0.02635856,-2.951430172,0.02645,0.02607951,-3.704896782,-3.178023141,1.807457874,-0.330645222,0.011923382,-13.72987369,5.08%,-15,1/21/2022,-13.72987369,-1,0,1,,
19,1/24/2022,8331300000,0.026346397,0.02600816,-3.382383456,0.02611,0.025702655,-4.073454044,-3.073083342,1.839660739,-0.291549645,0.01166415,-16.80295703,6.24%,-15,1/24/2022,-16.80295703,-1,0,1,,
20,1/25/2022,10425350000,0.02642425,0.02612223,-3.020200139,0.0262,0.025810043,-3.899570395,0.778535524,1.843579987,-0.360433402,-0.002946292,-16.02442151,5.95%,-15,1/25/2022,-16.02442151,-1,0,1,,
21,1/26/2022,7619300000,0.026764867,0.02614918,-6.156893795,0.026525,0.025844102,-6.808976812,3.406169377,1.926885309,-0.251122434,-0.01272627,-12.61825213,4.67%,-15,1/26/2022,-12.61825213,-1,0,1,,
22,1/27/2022,7520000000,0.02698523,0.02651105,-4.741783742,0.0268,0.026252526,-5.474742379,2.203627918,1.957611811,-0.236795268,-0.008166052,-10.41462421,3.86%,-15,1/27/2022,-10.41462421,-1,1,1,,
23,1/28/2022,3198480000,0.026625711,0.02635463,-2.710784715,0.026415,0.026055926,-3.590735635,-3.59519208,1.99775093,-0.23792237,0.013502708,-14.00981629,5.21%,-15,1/28/2022,-14.00981629,-1,1,1,,
24,2/7/2022,37327830000,0.026875642,0.02644109,-4.34557744,0.026625,0.02611961,-5.053900013,2.499316548,2.009002852,-0.221807628,-0.00929956,2.499316548,-0.93%,15,2/7/2022,2.499316548,1,1,2,,
25,2/8/2022,11277550000,0.026858188,0.02626656,-5.916308517,0.0266,0.025938311,-6.61688861,-0.174542972,2.001693724,-0.268322773,0.000649869,2.324773576,-0.87%,15,2/8/2022,2.324773576,1,1,2,,
26,2/9/2022,9311370000,0.027028636,0.02648343,-5.452032661,0.026775,0.026152073,-6.229273376,1.704474741,2.024138203,-0.285481517,-0.006306181,4.029248317,-1.50%,15,2/9/2022,4.029248317,1,1,2,,
27,2/10/2022,7322500000,0.02705719,0.02647464,-5.8254706,0.0268,0.026161024,-6.389755747,0.285546757,1.993381194,-0.356854953,-0.001055345,4.314795074,-1.60%,15,2/10/2022,4.314795074,1,1,2,,
28,2/11/2022,13699920000,0.027726839,0.02703776,-6.890821561,0.0275,0.026725954,-7.740462837,6.6964881,2.224880373,0.233656762,-0.024151646,11.01128317,-4.02%,15,2/11/2022,11.01128317,1,1,2,,
29,2/14/2022,7144380000,0.027983122,0.02701084,-9.722831151,0.027725,0.026680371,-10.44628564,2.562827051,2.227971237,0.156704957,-0.009158474,13.57411023,-4.93%,15,2/14/2022,13.57411022,1,1,2,,
30,2/15/2022,6658000000,0.028024046,0.02696512,-10.58929502,0.027725,0.026623682,-11.01317566,0.409246583,2.166529242,0.158068229,-0.001460341,13.98335681,-5.08%,15,2/15/2022,13.98335681,1,1,2,,
31,2/16/2022,7588100000,0.027925343,0.02718512,-7.402242762,0.027675,0.026865052,-8.099483243,-0.987037103,2.140226583,0.145694203,0.003534557,12.99631971,-4.72%,15,2/16/2022,12.9963197,1,1,2,,
32,2/17/2022,4909300000,0.02755275,0.0269302,-6.225479013,0.027325,0.026604293,-7.207074355,-3.725923355,2.195164241,0.16336591,0.013522873,9.27039635,-3.37%,15,2/17/2022,9.27039635,1,1,2,,
33,2/18/2022,2540090000,0.027794131,0.02739904,-3.950894305,0.02755,0.027110693,-4.393066312,2.413809181,2.205914819,0.164052666,-0.0086846,11.68420553,-4.24%,15,2/18/2022,11.68420553,1,1,2,,
34,2/21/2022,3824000000,0.028279474,0.02769346,-5.860123905,0.028,0.02732074,-6.792602874,4.853423839,2.318941492,0.223589442,-0.017162356,16.53762937,-5.96%,15,2/21/2022,16.53762937,1,1,2,,
35,2/22/2022,5931600000,0.028269792,0.02774982,-5.19971289,0.028,0.027327702,-6.722983024,-0.096820559,2.316036606,0.243812087,0.000342488,16.44080881,-5.92%,15,2/22/2022,16.44080881,1,1,2,,
36,2/23/2022,9833120000,0.028170551,0.02767885,-4.917008686,0.02795,0.027354973,-5.950265422,-0.992404814,2.307168479,0.231117983,0.003522845,15.448404,-5.57%,15,2/23/2022,15.448404,1,1,2,,
37,2/24/2022,7234520000,0.027947124,0.02745884,-4.88284543,0.02775,0.027112521,-6.374787676,-2.234271361,2.319291809,0.296331417,0.007994638,13.21413264,-4.77%,15,2/24/2022,13.21413264,1,1,2,,
38,2/25/2022,6895100000,0.027876623,0.02736943,-5.071928276,0.02766,0.027095105,-5.648953195,-0.705010275,2.320191203,0.304368463,0.002529038,12.50912236,-4.52%,15,2/25/2022,12.50912236,1,1,2,,
39,2/28/2022,14616660000,0.027932723,0.02734413,-5.885902703,0.0277,0.027014981,-6.850192111,0.560995795,2.317478782,0.258488137,-0.002008382,13.07011816,-4.72%,15,2/28/2022,13.07011816,1,2,2,,
40,3/1/2022,9776830000,0.028149377,0.0275038,-6.455809935,0.027915,0.027183079,-7.319211201,2.166540827,2.326889967,0.252729774,-0.007696585,2.166540827,-0.77%,5,3/1/2022,2.166540827,1,2,3,,
41,3/2/2022,6070860000,0.028257968,0.02740039,-8.575782394,0.028035,0.027113658,-9.21342108,1.085908889,2.321038102,0.187528478,-0.003842841,3.252449716,-1.15%,5,3/2/2022,3.252449716,1,2,3,,
42,3/3/2022,10139700000,0.028530351,0.02791225,-6.180977034,0.0283,0.027590555,-7.094448694,2.723829569,2.354622303,0.148849969,-0.00954713,5.976279285,-2.11%,5,3/3/2022,5.976279285,1,2,3,,
43,3/4/2022,4555210000,0.028419776,0.02768768,-7.320999432,0.0282,0.027404325,-7.956749822,-1.105747571,2.348743296,0.210153903,0.003890768,4.870531714,-1.72%,5,3/4/2022,4.870531714,1,2,3,,
44,3/7/2022,3000300000,0.028181306,0.02766783,-5.134808202,0.02797,0.027397633,-5.723671676,-2.384696938,2.368218721,0.228210747,0.008461982,2.485834776,-0.87%,5,3/7/2022,2.485834776,1,2,3,,
45,3/8/2022,2842000000,0.028163389,0.02761227,-5.511188712,0.02795,0.027311358,-6.386418303,-0.179168876,2.366378988,0.246209039,0.000636177,2.3066659,-0.81%,5,3/8/2022,2.3066659,1,2,3,,
46,3/9/2022,4258140000,0.028426814,0.02790127,-5.255426287,0.0282,0.027527165,-6.72834554,2.634250197,2.396162722,0.217685484,-0.00926678,4.940916097,-1.74%,5,3/9/2022,4.940916097,1,2,3,,
47,3/10/2022,2276620000,0.028476276,0.02782228,-6.539954617,0.02825,0.027512978,-7.370220065,0.494616228,2.373077909,0.167124659,-0.001736941,5.435532325,-1.91%,5,3/10/2022,5.435532325,1,2,3,,
48,3/11/2022,2539300000,0.028563032,0.02781733,-7.45702081,0.0283,0.027359331,-9.406693048,0.86755902,2.345956823,0.109544769,-0.003037349,6.303091345,-2.21%,5,3/11/2022,6.303091345,1,2,3,,
49,3/14/2022,3609580000,0.027613455,0.02716173,-4.517212081,0.0274,0.026861291,-5.387092356,-9.495767624,2.687381397,-0.590598099,0.034388191,-3.192676278,1.22%,5,3/14/2022,-3.192676279,-1,2,3,,
50,3/15/2022,2688100000,0.027980005,0.02737439,-6.056170055,0.0278,0.027084235,-7.15764807,3.665501433,2.733454312,-0.619220477,-0.013100432,0.472825155,-0.09%,5,3/15/2022,0.472825154,1,2,3,,
51,3/16/2022,2742880000,0.028370582,0.02758734,-7.832452602,0.02815,0.027281235,-8.687652718,3.905764279,2.78525561,-0.636444489,-0.013766952,4.378589434,-1.46%,5,3/16/2022,4.378589433,1,2,3,,
52,3/17/2022,2181510000,0.028004353,0.02753908,-4.652693187,0.027825,0.027272377,-5.526230785,-3.662287321,2.82631196,-0.600816537,0.013077565,0.716302113,-0.15%,5,3/17/2022,0.716302112,1,2,3,,
53,3/18/2022,1503000000,0.028029771,0.02754925,-4.805205963,0.02782,0.027276733,-5.432673817,0.254182272,2.798812625,-0.666591292,-0.00090683,0.970484385,-0.24%,5,3/18/2022,0.970484384,1,2,3,,
54,3/21/2022,1895740000,0.028274328,0.02753957,-7.347577946,0.02805,0.027207937,-8.420627114,2.445569234,2.818138194,-0.679101118,-0.008649434,3.416053619,-1.11%,5,3/21/2022,3.416053618,1,2,3,,
55,3/22/2022,2740800000,0.028444631,0.02795471,-4.899245963,0.028225,0.027689868,-5.3513151,1.70302881,2.827436444,-0.698673807,-0.005987171,5.119082429,-1.71%,5,3/22/2022,5.119082428,1,2,3,,
56,3/23/2022,5509540000,0.028388918,0.02794292,-4.459959027,0.02818,0.027651838,-5.281616152,-0.557129365,2.826211399,-0.668082093,0.001962489,4.561953063,-1.51%,5,3/23/2022,4.561953063,1,2,3,,
57,3/24/2022,1674100000,0.028161352,0.0275903,-5.710491668,0.027975,0.027352463,-6.225373262,-2.275660003,2.823980801,-0.590513372,0.008080791,2.28629306,-0.70%,5,3/24/2022,2.28629306,1,2,3,,
58,3/25/2022,2127500000,0.028099036,0.02738208,-7.169583686,0.0279,0.027148733,-7.512668643,-0.623155412,2.824732935,-0.585113882,0.002217711,1.663137648,-0.48%,5,3/25/2022,1.663137648,1,2,3,,
59,3/28/2022,1662700000,0.028100787,0.02738379,-7.169984482,0.027875,0.027142159,-7.328410191,0.01750533,2.794953281,-0.646743538,-6.23e-05,1.680642978,-0.49%,5,3/28/2022,1.680642978,1,3,3,,
60,3/29/2022,1747300000,0.028117352,0.02735466,-7.626937189,0.027925,0.02710914,-8.158600656,0.165651875,2.790652054,-0.630117794,-0.000589145,1.846294853,-0.55%,5,3/29/2022,1.846294853,1,3,3,,
61,3/30/2022,1763700000,0.028090828,0.02731204,-7.787875034,0.027825,0.027052927,-7.720729613,-0.26523999,2.776578182,-0.670744986,0.000944223,1.581054863,-0.45%,5,3/30/2022,1.581054863,1,3,3,,
62,3/31/2022,1278520000,0.028037486,0.02740999,-6.274942611,0.027826,0.027171691,-6.543085201,-0.53341698,2.774520776,-0.68008784,0.001902514,1.047637882,-0.26%,5,3/31/2022,1.047637883,1,3,3,,
63,4/1/2022,781190000,0.028030341,0.02739499,-6.353543839,0.027825,0.027120123,-7.04877333,-0.07145621,2.774429476,-0.682073599,0.000254925,-0.07145621,0.03%,5,4/1/2022,-0.07145621,-1,3,4,,
64,4/6/2022,2190750000,0.027837588,0.02722152,-6.160652861,0.027625,0.026941752,-6.832479309,-1.927532108,2.786169171,-0.653218615,0.006924207,-1.998988317,0.72%,5,4/6/2022,-1.998988318,-1,3,4,,
65,4/7/2022,2378100000,0.027742254,0.02692979,-8.124634183,0.0275,0.026679666,-8.203339919,-0.953337421,2.647512847,-0.623162143,0.003436409,-2.952325738,1.06%,5,4/7/2022,-2.952325739,-1,3,4,,
66,4/8/2022,3331500000,0.027698983,0.02716577,-5.332088729,0.02745,0.026873958,-5.760424438,-0.432713143,2.612716392,-0.675057533,0.001562199,-3.385038881,1.22%,5,4/8/2022,-3.385038882,-1,3,4,,
67,4/11/2022,801000000,0.027884663,0.02711608,-7.685790251,0.02765,0.02685107,-7.989300429,1.856803781,2.621671349,-0.686200099,-0.006658871,-1.528235101,0.55%,5,4/11/2022,-1.528235101,-1,3,4,,
68,4/12/2022,1068200000,0.0278997,0.02735387,-5.458296845,0.0277,0.027062081,-6.379185257,0.150367546,2.577376625,-0.756388594,-0.000538958,-1.377867555,0.50%,5,4/12/2022,-1.377867555,-1,3,4,,
69,4/13/2022,676630000,0.027829783,0.02741295,-4.16829671,0.02763,0.027136611,-4.93389002,-0.699162899,2.537292392,-0.805479154,0.002512283,-2.077030454,0.75%,5,4/13/2022,-2.077030454,-1,3,4,,
70,4/14/2022,1130900000,0.027753568,0.02722375,-5.298167839,0.02755,0.026948469,-6.015307871,-0.762157233,2.540606631,-0.766442054,0.002746159,-2.839187687,1.02%,5,4/14/2022,-2.839187687,-1,3,4,,
71,4/15/2022,2963750000,0.027731203,0.02714998,-5.812224377,0.02752,0.026879675,-6.403253605,-0.223650382,2.501394385,-0.754208231,0.000806494,-3.062838069,1.10%,5,4/15/2022,-3.062838069,-1,3,4,,
72,4/18/2022,2030000000,0.02806706,0.02748643,-5.806301924,0.02785,0.027215336,-6.346636212,3.3585748,2.525072822,-0.731272337,-0.011966251,0.295736731,-0.09%,5,4/18/2022,0.295736731,1,3,4,,
73,4/19/2022,2681420000,0.028106636,0.02733626,-7.703753473,0.02785,0.027083209,-7.667907946,0.395757809,2.465705945,-0.809364098,-0.001408058,0.691494539,-0.23%,5,4/19/2022,0.69149454,1,3,4,,
74,4/20/2022,1909000000,0.028300067,0.0277657,-5.343709567,0.028075,0.027484339,-5.906611407,1.934309542,2.456862101,-0.81266519,-0.006835,2.625804081,-0.92%,5,4/20/2022,2.625804082,1,3,4,,
75,4/21/2022,2279100000,0.028275747,0.02775062,-5.251240402,0.028055,0.027407551,-6.474485522,-0.24319992,2.457137662,-0.810732916,0.000860101,2.382604162,-0.83%,5,4/21/2022,2.382604162,1,3,4,,
76,4/22/2022,241000000,0.028329325,0.02737784,-9.514849614,0.028075,0.02711767,-9.573304213,0.535783555,2.449054768,-0.793266287,-0.001891268,2.918387717,-1.02%,5,4/22/2022,2.918387717,1,3,4,,
77,4/25/2022,571390000,0.028253155,0.02746058,-7.925704778,0.02799,0.027155747,-8.342534604,-0.761704913,2.453222556,-0.764307564,0.002696,2.156682803,-0.75%,5,4/25/2022,2.156682804,1,3,4,,
78,4/26/2022,562200000,0.028325927,0.02741552,-9.104081646,0.028047,0.027101596,-9.454036543,0.727719066,2.274838533,-1.267590337,-0.002569092,2.884401869,-1.01%,5,4/26/2022,2.88440187,1,3,4,,
79,4/27/2022,686250000,0.028408948,0.02764089,-7.680553769,0.02815,0.027341191,-8.088089783,0.830216083,2.250425956,-1.287388726,-0.002922375,3.714617952,-1.30%,5,4/27/2022,3.714617953,1,4,4,,
80,4/28/2022,967180000,0.028510853,0.02771947,-7.913879164,0.028275,0.027426694,-8.483055303,1.01904376,2.25379907,-1.296951676,-0.003574231,4.733661711,-1.66%,5,4/28/2022,4.733661713,1,4,4,,
81,4/29/2022,1306420000,0.028392845,0.0276832,-7.096461026,0.02815,0.027402969,-7.470314061,-1.180073086,2.255817749,-1.289632619,0.004156234,3.553588625,-1.24%,5,4/29/2022,3.553588627,1,4,4,,
82,5/5/2022,375650000,0.028361644,0.02761522,-7.464214354,0.028125,0.027363081,-7.619193235,-0.312010031,2.189881412,-1.396861591,0.001100113,-0.312010031,0.11%,-10,5/5/2022,-0.312010031,-1,4,5,,
83,5/6/2022,410700000,0.028403462,0.02757849,-8.249687868,0.02816,0.027301002,-8.589977083,0.418175137,2.166533992,-1.408640635,-0.001472268,0.106165105,-0.04%,-10,5/6/2022,0.106165106,1,4,5,,
84,5/9/2022,824340000,0.028343028,0.02755219,-7.908373484,0.028075,0.027266027,-8.089731024,-0.604332985,2.060278919,-1.724674882,0.00213221,-0.49816788,0.18%,-10,5/9/2022,-0.498167879,-1,4,5,,
85,5/10/2022,858800000,0.028076932,0.02723681,-8.401215729,0.02785,0.026973861,-8.761391744,-2.660964255,2.094003373,-1.60982995,0.009477404,-3.159132135,1.12%,-10,5/10/2022,-3.159132134,-1,4,5,,
86,5/11/2022,1235000000,0.02812365,0.02753679,-5.868579039,0.0279,0.02724701,-6.529898887,0.467181528,2.090673996,-1.658480737,-0.00166117,-2.691950607,0.96%,-10,5/11/2022,-2.691950606,-1,4,5,,
87,5/12/2022,1548400000,0.02800628,0.02744914,-5.571358708,0.027775,0.027164347,-6.10652944,-1.173700989,2.073301203,-1.710338632,0.004190849,-3.865651596,1.38%,-10,5/12/2022,-3.865651595,-1,4,5,,
88,5/13/2022,2356000000,0.027918408,0.02750758,-4.108276096,0.0277,0.027198791,-5.012089409,-0.87871846,2.074644584,-1.702618314,0.003147452,-4.744370056,1.69%,-10,5/13/2022,-4.744370055,-1,4,5,,
89,5/16/2022,731100000,0.028036685,0.02746108,-5.75605125,0.027775,0.027159011,-6.159892831,1.182765862,2.079776921,-1.705215467,-0.004218637,-3.561604194,1.27%,-10,5/16/2022,-3.561604193,-1,4,5,,
90,5/17/2022,997000000,0.027987516,0.02757894,-4.085766579,0.027725,0.027194234,-5.307662603,-0.491686694,2.058109216,-1.703401958,0.001756807,-4.053290889,1.45%,-10,5/17/2022,-4.053290887,-1,4,5,,
91,5/18/2022,1241400000,0.027813939,0.0272412,-5.727368647,0.027575,0.026981972,-5.930280661,-1.735774662,2.065344849,-1.615855213,0.006240665,-5.78906555,2.07%,-10,5/18/2022,-5.789065549,-1,4,5,,
92,5/19/2022,1828800000,0.027849726,0.02706412,-7.856109366,0.0276,0.026779786,-8.20213667,0.357876951,2.027111839,-1.691662593,-0.001285029,-5.431188599,1.94%,-10,5/19/2022,-5.431188598,-1,4,5,,
93,5/20/2022,320100000,0.027939565,0.0270428,-8.967633339,0.027645,0.026788486,-8.56513831,0.898381378,2.027357021,-1.747223392,-0.003215445,-4.532807221,1.62%,-10,5/20/2022,-4.53280722,-1,4,5,,
94,5/23/2022,466260000,0.027747291,0.02684615,-9.011364928,0.027475,0.026615747,-8.5925331,-1.922738548,2.017936746,-1.771182224,0.006929464,-6.45554577,2.31%,-10,5/23/2022,-6.455545768,-1,4,5,,
95,5/24/2022,1089680000,0.027689402,0.0266891,-10.00305967,0.02745,0.026424698,-10.2530239,-0.578889492,2.019078293,-1.756227392,0.002090654,-7.034435262,2.52%,-10,5/24/2022,-7.03443526,-1,4,5,,
96,5/25/2022,858000000,0.027590803,0.02670914,-8.816584342,0.027325,0.026420829,-9.041714571,-0.985990429,1.984531473,-1.792132854,0.00357362,-8.02042569,2.88%,-10,5/25/2022,-8.020425689,-1,4,5,,
97,5/26/2022,6043420000,0.027025746,0.02658976,-4.35986812,0.026825,0.026357431,-4.675688525,-5.650569268,2.125052007,-1.635436787,0.020908097,-13.67099496,4.97%,-10,5/26/2022,-13.67099496,-1,4,5,,
98,5/27/2022,2050000000,0.027058585,0.02651385,-5.447328716,0.026838,0.026222167,-6.158330557,0.328396372,2.120513356,-1.633072871,-0.001213649,-13.34259859,4.85%,-10,5/27/2022,-13.34259859,-1,5,5,,
99,5/30/2022,1544300000,0.027218288,0.0267351,-4.831861252,0.027,0.026461035,-5.389647028,1.597025384,1.681809357,-0.283828286,-0.005867472,-11.7455732,4.26%,-10,5/30/2022,-11.7455732,-1,5,5,,
100,5/31/2022,1009490000,0.027607781,0.02683232,-7.754640856,0.02738,0.026576672,-8.03328107,3.894927726,1.692299671,-0.243335468,-0.01410808,-7.850645475,2.85%,-10,5/31/2022,-7.850645475,-1,5,5,,
101,6/1/2022,1481700000,0.027703788,0.02709281,-6.10980379,0.027469,0.02682135,-6.476503074,0.960074805,1.601552578,-0.484245225,-0.0034655,0.960074805,-0.35%,10,6/1/2022,0.960074805,1,5,6,,
102,6/2/2022,441060000,0.027669285,0.02701483,-6.544596178,0.02745,0.026727022,-7.229779901,-0.345032759,1.520657213,-0.44306912,0.001246988,0.615042046,-0.22%,10,6/2/2022,0.615042046,1,5,6,,
103,6/6/2022,795300000,0.027929095,0.02717697,-7.521243147,0.0277,0.026901261,-7.98739006,2.598099745,1.565309562,-0.397283865,-0.009302485,3.213141791,-1.15%,10,6/6/2022,3.213141791,1,5,6,,
104,6/7/2022,1499350000,0.027840994,0.02722482,-6.161750541,0.027625,0.026936892,-6.881079298,-0.881013551,1.529377594,-0.381390771,0.003164447,2.33212824,-0.84%,10,6/7/2022,2.33212824,1,5,6,,
105,6/8/2022,930200000,0.027707681,0.02719943,-5.082561966,0.027475,0.026920244,-5.547559035,-1.333122087,1.517340218,-0.311945344,0.004811381,0.999006153,-0.35%,10,6/8/2022,0.999006153,1,5,6,,
106,6/9/2022,626400000,0.027771025,0.02700406,-7.669686254,0.027525,0.02670712,-8.178801056,0.633435554,1.52006263,-0.355537008,-0.002280922,1.632441707,-0.58%,10,6/9/2022,1.632441707,1,5,6,,
107,6/10/2022,173300000,0.027642996,0.02695734,-6.856586184,0.027423,0.026707373,-7.156269726,-1.280287589,1.498106978,-0.360864474,0.004631508,0.352154118,-0.12%,10,6/10/2022,0.352154118,1,5,6,,
108,6/13/2022,383430000,0.027726333,0.02710916,-6.171757073,0.0275,0.026848874,-6.511256365,0.833367285,1.50187865,-0.412301118,-0.003005689,1.185521403,-0.42%,10,6/13/2022,1.185521403,1,5,6,,
109,6/14/2022,889420000,0.027885228,0.02717732,-7.079061963,0.02765,0.026886962,-7.630378855,1.588950793,1.519811282,-0.434822093,-0.005698181,2.774472197,-0.99%,10,6/14/2022,2.774472196,1,5,6,,
110,6/15/2022,1430100000,0.027959526,0.02721388,-7.456496866,0.027725,0.026927814,-7.971863639,0.74297951,1.523541977,-0.452301878,-0.002657339,3.517451707,-1.26%,10,6/15/2022,3.517451706,1,5,6,,
111,6/16/2022,760300000,0.027876345,0.0273198,-5.565483591,0.027657,0.027020172,-6.368275769,-0.831809078,1.527340002,-0.428876734,0.002983924,2.685642629,-0.96%,10,6/16/2022,2.685642628,1,5,6,,
112,6/17/2022,1580000000,0.026834861,0.02724951,4.146471857,0.0267,0.027000128,3.001280635,-10.41484147,2.10723588,-2.331368023,0.038810864,-7.729198841,2.92%,10,6/17/2022,-7.729198842,-1,5,6,,
113,6/20/2022,1091600000,0.027833004,0.02730027,-5.327321073,0.0276,0.027023183,-5.768165121,9.981428227,2.547393526,-0.231785141,-0.035861844,2.252229386,-0.66%,10,6/20/2022,2.252229385,1,5,6,,
114,6/21/2022,3794000000,0.027944073,0.02738762,-5.564571105,0.0277,0.027099979,-6.000209411,1.110693953,2.537850096,-0.298082748,-0.003974703,3.362923339,-1.06%,10,6/21/2022,3.362923338,1,5,6,,
115,6/22/2022,1397100000,0.027898041,0.02725583,-6.422124697,0.027675,0.02699625,-6.787504367,-0.460320585,2.535000344,-0.310091634,0.00165001,2.902602754,-0.89%,10,6/22/2022,2.902602753,1,5,6,,
116,6/23/2022,1270300000,0.027815197,0.02730294,-5.122598572,0.0276,0.027017409,-5.825906483,-0.828437255,2.537053142,-0.300364971,0.002978362,2.074165498,-0.60%,10,6/23/2022,2.074165498,1,5,6,,
117,6/24/2022,1185000000,0.02807786,0.02739095,-6.869055794,0.027825,0.027085301,-7.396989981,2.626623622,2.550434181,-0.300065666,-0.009354786,4.70078912,-1.53%,10,6/24/2022,4.70078912,1,5,6,,
118,6/27/2022,1970000000,0.028459759,0.0277244,-7.353574989,0.0282,0.027427824,-7.721762474,3.818995758,2.604784675,-0.305792266,-0.013418932,8.519784878,-2.87%,10,6/27/2022,8.519784878,1,6,6,,
119,6/28/2022,258390000,0.028529324,0.02787781,-6.515132525,0.028299,0.027581909,-7.170905077,0.695643604,2.603416494,-0.338568147,-0.002438346,9.215428482,-3.12%,10,6/28/2022,9.215428482,1,6,6,,
120,6/29/2022,510000000,0.028299577,0.02784797,-4.516058406,0.0281,0.027573827,-5.261729094,-2.297468419,2.622856498,-0.310588467,0.008118384,6.917960062,-2.31%,10,6/29/2022,6.917960063,1,6,6,,
121,6/30/2022,389080000,0.028241619,0.02763246,-6.091589637,0.02802,0.027344829,-6.751706392,-0.579578358,2.624232857,-0.302039083,0.002052214,6.338381704,-2.10%,10,6/30/2022,6.338381705,1,6,6,,
122,7/1/2022,690200000,0.028103852,0.02764577,-4.580868958,0.0279,0.027358492,-5.415076476,-1.377664855,2.590236215,-0.245733813,0.00490205,-1.377664855,0.49%,-15,7/1/2022,-1.377664855,-1,6,7,,
123,7/4/2022,640060000,0.028453108,0.02803088,-4.222270511,0.02825,0.027781934,-4.680664581,3.492557991,2.635413215,-0.258396239,-0.012274785,2.114893136,-0.74%,-15,7/4/2022,2.114893136,1,6,7,,
124,7/5/2022,1256000000,0.028514,0.02784918,-6.648254548,0.0283,0.027603165,-6.968346747,0.608918541,2.623158098,-0.238004646,-0.002135507,2.723811677,-0.95%,-15,7/5/2022,2.723811677,1,6,7,,
125,7/6/2022,1346000000,0.02831325,0.02780452,-5.087336774,0.0281,0.027551404,-5.485963267,-2.007496467,2.638588782,-0.202130026,0.007090307,0.71631521,-0.24%,-15,7/6/2022,0.71631521,1,6,7,,
126,7/7/2022,1732800000,0.028312783,0.02778182,-5.309624816,0.028125,0.027540529,-5.844708302,-0.004675069,2.637509286,-0.189865657,1.65e-05,0.711640142,-0.24%,-15,7/7/2022,0.711640141,1,6,7,,
127,7/8/2022,430770000,0.028244863,0.02784068,-4.041856722,0.02805,0.027596645,-4.533552949,-0.679199186,2.637060062,-0.191755169,0.002404682,0.032440955,0.00%,-15,7/8/2022,0.032440955,1,6,7,,
128,7/11/2022,431000000,0.028210617,0.02750958,-7.010392063,0.028,0.027249068,-7.509318283,-0.34245572,2.635395737,-0.167475191,0.001213925,-0.310014765,0.12%,-15,7/11/2022,-0.310014765,-1,6,7,,
129,7/12/2022,1825100000,0.028019113,0.02732752,-6.915936464,0.02782,0.02705392,-7.660803982,-1.915046093,2.645624034,-0.109563861,0.006834785,-2.225060858,0.81%,-15,7/12/2022,-2.225060858,-1,6,7,,
130,7/13/2022,1690130000,0.027923268,0.02715442,-7.688486098,0.0277,0.026906882,-7.931183913,-0.958451632,2.643709277,-0.065753925,0.003432448,-3.18351249,1.15%,-15,7/13/2022,-3.18351249,-1,6,7,,
131,7/14/2022,1158800000,0.027554518,0.0273042,-2.503176984,0.02735,0.027033871,-3.161287338,-3.687499059,2.686819457,-0.051995006,0.013382557,-6.871011549,2.49%,-15,7/14/2022,-6.871011549,-1,6,7,,
132,7/15/2022,3083740000,0.027489075,0.02720819,-2.808871454,0.0273,0.026941587,-3.584134936,-0.654431796,2.687614931,-0.044185242,0.002380698,-7.525443346,2.72%,-15,7/15/2022,-7.525443345,-1,6,7,,
133,7/18/2022,1044210000,0.027459788,0.02712804,-3.317435913,0.027239,0.026858211,-3.807885057,-0.292869205,2.686322083,-0.028095282,0.001066538,-7.81831255,2.83%,-15,7/18/2022,-7.81831255,-1,6,7,,
134,7/19/2022,1178000000,0.027453466,0.02729393,-1.595356878,0.02725,0.027015423,-2.345774484,-0.063213282,2.685715899,-0.040501829,0.000230256,-7.881525833,2.85%,-15,7/19/2022,-7.881525832,-1,6,7,,
135,7/20/2022,2331820000,0.027396382,0.0268852,-5.111874662,0.0272,0.026640726,-5.592737895,-0.570839001,2.662911816,-0.073464012,0.002083629,-8.452364834,3.06%,-15,7/20/2022,-8.452364833,-1,6,7,,
136,7/21/2022,1693300000,0.02713021,0.02705186,-0.783488287,0.02695,0.026786838,-1.631616663,-2.661726537,2.684674819,-0.016974202,0.009810932,-11.11409137,4.04%,-15,7/21/2022,-11.11409137,-1,6,7,,
137,7/22/2022,601200000,0.027237487,0.02667998,-5.575075619,0.027,0.026472101,-5.278992578,1.07276896,2.686778609,-0.065500214,-0.003938575,-10.04132241,3.65%,-15,7/22/2022,-10.04132241,-1,6,7,,
138,7/25/2022,923900000,0.027129528,0.0268272,-3.023294222,0.026925,0.026540536,-3.844636983,-1.079586872,2.688009482,-0.061224839,0.003979379,-11.12090928,4.05%,-15,7/25/2022,-11.12090928,-1,6,7,,
139,7/26/2022,1900000000,0.027065244,0.02684994,-2.153073608,0.026875,0.02657887,-2.961296872,-0.642835049,2.681944526,-0.022219872,0.002375131,-11.76374433,4.29%,-15,7/26/2022,-11.76374433,-1,6,7,,
140,7/27/2022,1475500000,0.02705974,0.02667927,-3.804678717,0.02685,0.026382987,-4.670130703,-0.055040324,2.681672809,-0.032269996,0.000203403,-11.81878466,4.31%,-15,7/27/2022,-11.81878466,-1,7,7,,
141,7/28/2022,2830000000,0.027213929,0.02686811,-3.458181824,0.027,0.026577046,-4.229535212,1.541886059,2.683037324,-0.098337556,-0.005665797,-10.2768986,3.74%,-15,7/28/2022,-10.2768986,-1,7,7,,
142,7/29/2022,1529820000,0.027018231,0.02655888,-4.593525343,0.026795,0.026290272,-5.047276937,-1.95698274,2.694340078,-0.050593655,0.007243194,-12.23388134,4.46%,-15,7/29/2022,-12.23388134,-1,7,7,,
143,8/1/2022,1540000000,0.026771031,0.02644527,-3.257621803,0.02655,0.026206714,-3.432860595,-2.471992742,2.708981037,0.013247609,0.009233834,-2.471992742,0.92%,-10,8/1/2022,-2.471992742,-1,7,8,,
144,8/2/2022,3705300000,0.026708705,0.02634226,-3.664453583,0.0265,0.026054949,-4.450512242,-0.623268303,2.698866688,-0.011401114,0.002333577,-3.095261045,1.16%,-10,8/2/2022,-3.095261045,-1,7,8,,
145,8/3/2022,3761980000,0.026632817,0.02624244,-3.903817928,0.0264,0.025963169,-4.368309972,-0.758872117,2.699479301,-0.007390084,0.002849387,-3.854133162,1.44%,-10,8/3/2022,-3.854133162,-1,7,8,,
146,8/4/2022,6047300000,0.026426341,0.02622797,-1.983678458,0.0262,0.025957883,-2.421174109,-2.064762427,2.709875611,0.011208714,0.007813274,-5.918895589,2.22%,-10,8/4/2022,-5.918895589,-1,7,8,,
147,8/5/2022,3170000000,0.02669814,0.02618289,-5.152454937,0.02645,0.025895813,-5.541868902,2.717987393,2.627268938,0.025017996,-0.010180437,-3.200908196,1.21%,-10,8/5/2022,-3.200908196,-1,7,8,,
148,8/8/2022,2185000000,0.026738741,0.02639346,-3.452867085,0.0265,0.026109531,-3.904692196,0.406013387,2.627524146,0.023232718,-0.001518446,-2.794894809,1.05%,-10,8/8/2022,-2.794894809,-1,7,8,,
149,8/9/2022,958900000,0.026711863,0.02652125,-1.90618054,0.0265,0.02624949,-2.505100383,-0.268781595,2.616897319,0.062349956,0.001006226,-3.063676404,1.15%,-10,8/9/2022,-3.063676404,-1,7,8,,
150,8/10/2022,1412100000,0.026664886,0.02645361,-2.112723694,0.02646,0.026192434,-2.675662853,-0.469775671,2.554183375,0.093776941,0.001761776,-3.533452076,1.33%,-10,8/10/2022,-3.533452075,-1,7,8,,
151,8/11/2022,4470000000,0.026780473,0.0263636,-4.168698913,0.02655,0.026106473,-4.435270364,1.155873942,2.556090832,0.089957214,-0.004316107,-2.377578134,0.90%,-10,8/11/2022,-2.377578133,-1,7,8,,
152,8/12/2022,423300000,0.026730032,0.0264211,-3.089358109,0.026525,0.026169275,-3.557246578,-0.504404795,2.556388176,0.093747823,0.001887034,-2.881982929,1.09%,-10,8/12/2022,-2.881982928,-1,7,8,,
153,8/15/2022,997590000,0.026209141,0.02587131,-3.378349192,0.026,0.025633535,-3.664652927,-5.208911766,2.619108911,0.10168578,0.019874408,-8.090894696,3.07%,-10,8/15/2022,-8.090894694,-1,7,8,,
154,8/16/2022,2960000000,0.025644715,0.02529427,-3.504428106,0.02545,0.025007571,-4.424291998,-5.644262825,2.721533738,0.046778956,0.022009458,-13.73515752,5.28%,-10,8/16/2022,-13.73515752,-1,7,8,,
155,8/17/2022,1622900000,0.025841593,0.02522169,-6.199072874,0.0256,0.024957472,-6.425278062,1.96878451,2.739046926,-0.013982382,-0.007618665,-11.76637301,4.51%,-10,8/17/2022,-11.76637301,-1,7,8,,
156,8/18/2022,2835000000,0.025606049,0.02534382,-2.622259765,0.0254,0.025129037,-2.709625018,-2.355441647,2.749021998,0.044705355,0.00919877,-14.12181466,5.43%,-10,8/18/2022,-14.12181466,-1,7,8,,
157,8/19/2022,1371000000,0.025712034,0.02509144,-6.205961431,0.0255,0.024879973,-6.200266516,1.059846546,2.754114175,-0.004233898,-0.004121986,-13.06196811,5.02%,-10,8/19/2022,-13.06196811,-1,7,8,,
158,8/22/2022,778150000,0.025715687,0.02522393,-4.917605855,0.025505,0.024971241,-5.337592024,0.03652898,2.749312324,0.011951326,-0.000142049,-13.02543913,5.01%,-10,8/22/2022,-13.02543913,-1,7,8,,
159,8/23/2022,1054000000,0.025777936,0.02538398,-3.939597324,0.025575,0.025174146,-4.008542553,0.622494831,2.738622599,0.027081013,-0.002414836,-12.4029443,4.77%,-10,8/23/2022,-12.4029443,-1,7,8,,
160,8/24/2022,742940000,0.025811446,0.02539649,-4.149545584,0.0256,0.025157536,-4.424636199,0.335099978,2.735747885,0.035236965,-0.001298261,-12.06784432,4.64%,-10,8/24/2022,-12.06784432,-1,7,8,,
161,8/25/2022,755000000,0.026217344,0.0254891,-7.282417146,0.025975,0.025257968,-7.17032118,4.05897342,2.806147196,0.00923803,-0.015482016,-8.008870904,3.09%,-10,8/25/2022,-8.008870901,-1,7,8,,
162,8/26/2022,1080020000,0.026109408,0.02565835,-4.510585922,0.0259,0.025402747,-4.972527755,-1.079352751,2.411933632,1.280760262,0.004133961,-9.088223655,3.50%,-10,8/26/2022,-9.088223652,-1,7,8,,
163,8/29/2022,570000000,0.026034585,0.02534709,-6.874914241,0.025825,0.025109015,-7.159853399,-0.748234234,1.930730847,-0.134172191,0.002874001,-9.836457889,3.79%,-10,8/29/2022,-9.836457886,-1,8,8,,
164,8/30/2022,1546820000,0.025913412,0.02527555,-6.378629924,0.0257,0.025060897,-6.39103169,-1.211727811,1.922717742,-0.072126736,0.004676064,-11.0481857,4.26%,-10,8/30/2022,-11.0481857,-1,8,8,,
165,8/31/2022,2064140000,0.025976027,0.02528902,-6.870049248,0.02575,0.025047653,-7.02346961,0.626152319,1.928114323,-0.103222996,-0.002410501,-10.42203338,4.01%,-10,8/31/2022,-10.42203338,-1,8,8,,
166,9/1/2022,1428230000,0.025884078,0.02539568,-4.883962299,0.02565,0.025115474,-5.345263628,-0.919498175,1.928575831,-0.10041632,0.00355237,-0.919498175,0.36%,10,9/1/2022,-0.919498175,-1,8,9,,
167,9/2/2022,1720000000,0.025711668,0.02534015,-3.715168442,0.0255,0.025092059,-4.079409596,-1.724100679,1.888408455,-0.055402978,0.006705519,-2.643598854,1.03%,10,9/2/2022,-2.643598854,-1,8,9,,
168,9/5/2022,931200000,0.025705279,0.02522855,-4.767269491,0.025475,0.024962311,-5.126893871,-0.063882282,1.787440002,-0.216174692,0.000248518,-2.707481137,1.05%,10,9/5/2022,-2.707481136,-1,8,9,,
169,9/6/2022,854750000,0.025680064,0.02509279,-5.872732264,0.02545,0.024836564,-6.134357959,-0.252156418,1.779126223,-0.193252963,0.000981915,-2.959637555,1.15%,10,9/6/2022,-2.959637554,-1,8,9,,
170,9/7/2022,926000000,0.025769937,0.02509865,-6.7128271,0.025513,0.024833098,-6.799017314,0.898728859,1.773314769,-0.275940079,-0.003487509,-2.060908696,0.80%,10,9/7/2022,-2.060908695,-1,8,9,,
171,9/8/2022,555000000,0.025772804,0.02526816,-5.046435767,0.02555,0.025026338,-5.236615085,0.028670995,1.774853435,-0.295862031,-0.000111245,-2.032237701,0.79%,10,9/8/2022,-2.0322377,-1,8,9,,
172,9/9/2022,2802000000,0.025819067,0.0254414,-3.776665099,0.0256,0.025184864,-4.151355845,0.462637369,1.775223484,-0.354055453,-0.001791844,-1.569600332,0.61%,10,9/9/2022,-1.569600331,-1,8,9,,
173,9/13/2022,1222000000,0.026035065,0.02560424,-4.30822275,0.02581,0.025386051,-4.239493214,2.159975593,1.725022162,-0.513594389,-0.008296409,0.590375261,-0.22%,10,9/13/2022,0.590375262,1,8,9,,
174,9/14/2022,1613530000,0.025769226,0.02508807,-6.81155975,0.02552,0.024824469,-6.955308702,-2.658385184,1.744176624,-0.425951035,0.010316123,-2.068009923,0.81%,10,9/14/2022,-2.068009922,-1,8,9,,
175,9/15/2022,1980430000,0.026069371,0.02565956,-4.098150546,0.02585,0.025402836,-4.471639822,3.001443585,1.800465492,-0.39043684,-0.011513295,0.933433662,-0.34%,10,9/15/2022,0.933433663,1,8,9,,
176,9/16/2022,933600000,0.026318531,0.02588218,-4.363487111,0.0261,0.025637807,-4.621926054,2.491603283,1.84611904,-0.362820235,-0.009467106,3.425036944,-1.29%,10,9/16/2022,3.425036946,1,8,9,,
177,9/19/2022,2545380000,0.026323492,0.0258087,-5.147965722,0.026075,0.02555802,-5.169795454,0.049608157,1.846725058,-0.386513804,-0.000188456,3.474645101,-1.31%,10,9/19/2022,3.474645103,1,8,9,,
178,9/20/2022,2597000000,0.02605917,0.02574152,-3.176499214,0.02585,0.025493063,-3.56937039,-2.643223915,1.873578961,-0.330284392,0.010143163,0.831421186,-0.29%,10,9/20/2022,0.831421188,1,8,9,,
179,9/21/2022,1389500000,0.026022801,0.02568475,-3.38049385,0.0258,0.025433169,-3.668306261,-0.363685282,1.861540792,-0.377835264,0.001397564,0.467735904,-0.15%,10,9/21/2022,0.467735906,1,8,9,,
180,9/22/2022,710000000,0.025995071,0.02557183,-4.232383475,0.025775,0.025311127,-4.638734601,-0.277295692,1.859890372,-0.400935678,0.001066724,0.190440212,-0.04%,10,9/22/2022,0.190440214,1,8,9,,
181,9/23/2022,2340000000,0.026112303,0.02577196,-3.403443396,0.0259,0.025519888,-3.801120808,1.17231689,1.811144404,-0.462274433,-0.004489519,1.362757102,-0.49%,10,9/23/2022,1.362757104,1,8,9,,
182,9/26/2022,2344400000,0.026526307,0.02607788,-4.484233006,0.0263,0.025820142,-4.798577695,4.140037073,1.913269198,-0.291415799,-0.015607288,5.502794174,-2.05%,10,9/26/2022,5.502794177,1,8,9,,
183,9/27/2022,1334400000,0.026516865,0.02617397,-3.428961736,0.0263,0.025915977,-3.840230447,-0.09442061,1.913262817,-0.297830477,0.000356078,5.408373565,-2.02%,10,9/27/2022,5.408373567,1,9,9,,
184,9/28/2022,1361800000,0.026719594,0.0262256,-4.939910402,0.0265,0.025955849,-5.441509419,2.027288158,1.938224448,-0.322402597,-0.007587272,7.435661723,-2.78%,10,9/28/2022,7.435661725,1,9,9,,
185,9/29/2022,2120000000,0.026918451,0.0265176,-4.008523989,0.0267,0.026247653,-4.523467117,1.988574558,1.960023335,-0.365698709,-0.007387403,9.424236281,-3.52%,10,9/29/2022,9.424236283,1,9,9,,
186,9/30/2022,1326970000,0.026931021,0.02652449,-4.065319292,0.0267,0.026243063,-4.569369443,0.125696887,1.925580792,-0.426421138,-0.000466736,9.549933168,-3.56%,10,9/30/2022,9.54993317,1,9,9,,
187,10/10/2022,1212910000,0.026747839,0.02621272,-5.351227087,0.0265,0.025928688,-5.713121445,-1.831821543,1.934929706,-0.347667579,0.006848484,-2.164671518,0.80%,-15,10/10/2022,-1.831821543,-1,9,10,,
188,10/11/2022,2498000000,0.026634175,0.02628433,-3.498441313,0.0264,0.025999645,-4.003553748,-1.136633144,1.935524928,-0.346020226,0.004267574,-3.301304661,1.23%,-15,10/11/2022,-2.968454687,-1,9,10,,
189,10/12/2022,890120000,0.026647166,0.02627997,-3.67191642,0.026398,0.025991845,-4.061550941,0.129905368,1.934206012,-0.370955223,-0.000487502,-3.171399294,1.18%,-15,10/12/2022,-2.838549319,-1,9,10,,
190,10/13/2022,887140000,0.026515361,0.02616103,-3.543297625,0.026275,0.025885813,-3.891865983,-1.318049393,1.941899848,-0.331617699,0.00497089,-4.489448687,1.68%,-15,10/13/2022,-4.156598712,-1,9,10,,
191,10/14/2022,793750000,0.026313275,0.02607643,-2.368409304,0.0261,0.02580221,-2.977904967,-2.020862163,1.945382039,-0.24865923,0.00768001,-6.51031085,2.44%,-15,10/14/2022,-6.177460875,-1,9,10,,
192,10/17/2022,440000000,0.026298152,0.02604741,-2.507450068,0.026075,0.025778696,-2.96303598,-0.151225208,1.928750796,-0.296955451,0.000575041,-6.661536058,2.50%,-15,10/17/2022,-6.328686083,-1,9,10,,
193,10/18/2022,1525000000,0.026263736,0.0258773,-3.864353988,0.02605,0.025620966,-4.290343271,-0.344164332,1.900178997,-0.341948422,0.001310417,-7.00570039,2.63%,-15,10/18/2022,-6.672850415,-1,9,10,,
194,10/19/2022,2691200000,0.026263111,0.02587732,-3.8579386,0.02605,0.025630941,-4.190585074,-0.006242737,1.898753159,-0.362395062,2.38e-05,-7.011943127,2.63%,-15,10/19/2022,-6.679093152,-1,9,10,,
195,10/20/2022,2364810000,0.026303081,0.02608782,-2.152571967,0.0261,0.025805758,-2.942416693,0.399697482,1.897507332,-0.399629086,-0.001519584,-6.612245645,2.48%,-15,10/20/2022,-6.27939567,-1,9,10,,
196,10/21/2022,1592200000,0.026359108,0.02598838,-3.707242807,0.026145,0.025727909,-4.170910994,0.560269148,1.877688861,-0.473293934,-0.002125524,-6.051976498,2.27%,-15,10/21/2022,-5.719126522,-1,9,10,,
197,10/24/2022,1610000000,0.026318913,0.02603254,-2.863712342,0.0261,0.025782196,-3.178040698,-0.401948531,1.837287647,-0.468063013,0.001527223,-6.453925029,2.42%,-15,10/24/2022,-6.121075053,-1,9,10,,
198,10/25/2022,1640620000,0.026328493,0.02609555,-2.329427109,0.026125,0.025844715,-2.802851329,0.095795537,1.836173428,-0.45881833,-0.000363847,-6.358129492,2.39%,-15,10/25/2022,-6.025279516,-1,9,10,,
199,10/26/2022,2055000000,0.02615037,0.02587762,-2.727481734,0.02595,0.025594964,-3.550361388,-1.781225222,1.851395268,-0.412967789,0.006811472,-8.139354714,3.07%,-15,10/26/2022,-7.806504738,-1,9,10,,
200,10/27/2022,1256550000,0.026048077,0.0256619,-3.861803055,0.02585,0.025411046,-4.389536651,-1.022936474,1.855147291,-0.394310032,0.003927109,-9.162291188,3.46%,-15,10/27/2022,-8.829441212,-1,10,10,,
201,10/28/2022,690000000,0.025980859,0.02570034,-2.805233612,0.025775,0.025444338,-3.306624261,-0.672179422,1.847574057,-0.345338931,0.00258721,-9.83447061,3.72%,-15,10/28/2022,-9.501620634,-1,10,10,,
202,10/31/2022,801460000,0.025639021,0.02532935,-3.096696622,0.02545,0.025078944,-3.710563507,-3.418374675,1.902658723,-0.32488568,0.013332703,-13.25284528,5.05%,-15,10/31/2022,-12.91999531,-1,10,10,,
203,11/1/2022,166950000,0.025860477,0.02546151,-3.989694153,0.02565,0.025201874,-4.481264203,2.214553,1.793959146,-0.148734641,-0.008563466,-12.61798197,4.21%,10,11/1/2022,2.214553,1,10,11,,
204,11/2/2022,2846500000,0.02604799,0.025765,-2.829944472,0.025845,0.025508807,-3.361934586,1.875139042,1.627825462,0.377749422,-0.007198786,-10.74284293,3.49%,10,11/2/2022,4.089692042,1,10,11,,
205,11/3/2022,927770000,0.025998766,0.02569145,-3.073170739,0.0258,0.025414683,-3.853166708,-0.492242316,1.607064605,0.452976065,0.00189333,-11.23508524,3.68%,10,11/3/2022,3.597449726,1,10,11,,
206,11/4/2022,1388000000,0.026250254,0.02589247,-3.577874111,0.02605,0.025672316,-3.776844004,2.514880268,1.607039242,0.40894491,-0.009580403,-8.720204973,2.72%,10,11/4/2022,6.112329994,1,10,11,,
207,11/7/2022,518000000,0.026081879,0.02574926,-3.326183194,0.0259,0.025502883,-3.971167646,-1.683750788,1.621091776,0.47041924,0.006455635,-10.40395576,3.37%,10,11/7/2022,4.428579206,1,10,11,,
208,11/8/2022,439000000,0.026182797,0.02579273,-3.900672375,0.026,0.025527004,-4.729963432,1.009181418,1.62635314,0.432785607,-0.003854368,-9.394774343,2.98%,10,11/8/2022,5.437760624,1,10,11,,
209,11/9/2022,680000000,0.026103031,0.02585518,-2.478546919,0.025925,0.025631383,-2.936166774,-0.797662913,1.629263664,0.480326492,0.003055825,-10.19243726,3.29%,10,11/9/2022,4.640097711,1,10,11,,
210,11/10/2022,1351390000,0.026107115,0.02578877,-3.183456546,0.025925,0.025529942,-3.950576439,0.040841848,1.628808849,0.4918126,-0.00015644,-10.15159541,3.27%,10,11/10/2022,4.680939559,1,10,11,,
211,11/11/2022,1321100000,0.026325885,0.02617274,-1.531427234,0.02615,0.025922008,-2.279921441,2.187702288,1.556360928,0.340824276,-0.008310081,-7.96389312,2.44%,10,11/11/2022,6.868641847,1,10,11,,
212,11/14/2022,3490000000,0.027152206,0.02686844,-2.837644891,0.027,0.026675672,-3.243277626,8.263203393,1.929130399,1.490298328,-0.030432899,0.299310273,-0.60%,10,11/14/2022,15.13184524,1,10,11,,
213,11/16/2022,4833080000,0.027347258,0.02725787,-0.893905906,0.0272,0.027027118,-1.728818177,1.950522891,1.93933247,1.398202615,-0.007132426,2.249833164,-1.31%,10,11/16/2022,17.08236813,1,10,11,,
214,11/17/2022,241270000,0.027116561,0.02698643,-1.301282671,0.02699,0.026751542,-2.384582249,-2.306974244,1.961914658,1.347435611,0.008507621,-0.05714108,-0.46%,10,11/17/2022,14.77539389,1,10,11,,
215,11/18/2022,648000000,0.027504488,0.02699339,-5.110974745,0.027325,0.026752761,-5.722386838,3.879276758,2.026499073,1.242556806,-0.014104159,3.822135678,-1.87%,10,11/18/2022,18.65467065,1,10,11,,
216,11/21/2022,783800000,0.027380026,0.02683571,-5.443149089,0.0272,0.026621212,-5.787882341,-1.244621347,2.030936686,1.239688641,0.004545727,2.577514331,-1.42%,10,11/21/2022,17.4100493,1,10,11,,
217,11/22/2022,55000000,0.027589923,0.02698281,-6.07116888,0.0274,0.026733787,-6.662130862,2.098968005,2.025282065,1.168288725,-0.007607734,4.676482335,-2.18%,10,11/22/2022,19.5090173,1,10,11,,
218,11/23/2022,650000000,0.027139746,0.02672723,-4.125186677,0.02695,0.026499019,-4.509814082,-4.501769905,2.136775707,0.878260138,0.016587369,0.17471243,-0.52%,10,11/23/2022,15.0072474,1,10,11,,
219,11/25/2022,497500000,0.027084778,0.02667002,-4.147587443,0.026743,0.026497531,-2.45468692,-0.549680136,2.138681983,0.88361698,0.00202948,-0.374967706,-0.32%,10,11/25/2022,14.45756726,1,10,11,,
220,11/25/2022,966000000,0.027084778,0.02667002,-4.147587443,0.0269,0.026497531,-4.02468692,0.0,2.137190428,0.910942208,0.0,-0.374967706,-0.32%,10,11/25/2022,14.45756726,1,10,11,,
221,11/28/2022,341000000,0.027476182,0.02696616,-5.100196413,0.0273,0.026712147,-5.878531082,3.914037396,2.197055462,0.82369914,-0.014245201,3.53906969,-1.74%,10,11/28/2022,18.37160466,1,11,11,,
222,11/29/2022,1932400000,0.027971486,0.02737435,-5.971368475,0.0278,0.027156277,-6.437232941,4.953047768,2.290015117,0.774529524,-0.017707489,8.492117458,-3.51%,10,11/29/2022,23.32465243,1,11,11,,
223,11/30/2022,2835720000,0.02789094,0.02730073,-5.902150382,0.027725,0.027067633,-6.573671246,-0.805462812,2.28284475,0.850000026,0.002887901,7.686654646,-3.22%,10,11/30/2022,22.51918961,1,11,11,,
224,12/1/2022,1514000000,0.027760279,0.02728742,-4.728586755,0.027598,0.027080972,-5.17027597,-1.30660928,2.254636054,0.886744868,0.004706758,-9.527389736,3.39%,-20,12/1/2022,-1.30660928,-1,11,12,0.39356366419733885,-1.0
225,12/2/2022,540600000,0.027656492,0.02738806,-2.684361244,0.0275,0.027165013,-3.349872027,-1.037876376,2.232166607,0.987599872,0.003752741,-10.56526611,3.77%,-20,12/2/2022,-2.344485656,-1,11,12,0.4371154986162851,-1.0
226,12/5/2022,162610000,0.02782679,0.02742125,-4.055379704,0.027666,0.027216278,-4.497223445,1.702981721,2.219498432,1.012222852,-0.006119936,-8.862284392,3.16%,-20,12/5/2022,-0.641503935,-1,11,12,0.44296511016703305,-1.0
227,12/6/2022,28000000,0.027956813,0.0274814,-4.754116495,0.0278,0.02724283,-5.571697694,1.300229255,2.223560274,0.973783099,-0.004650849,-7.562055137,2.69%,-20,12/6/2022,0.65872532,1,11,12,0.4749110584897144,1.0
228,12/7/2022,287700000,0.028093711,0.02754079,-5.529262428,0.02793,0.027338077,-5.919227298,1.36898043,2.187031079,0.963716776,-0.004872907,-6.193074708,2.20%,-20,12/7/2022,2.02770575,1,11,12,0.4219052656887052,-1.0
229,12/8/2022,855000000,0.027964195,0.02730336,-6.608387281,0.027803,0.027100533,-7.024665385,-1.295159351,2.19745814,0.967595921,0.004631492,-7.488234058,2.67%,-20,12/8/2022,0.732546399,1,11,12,0.45020925466213757,-1.0
230,12/9/2022,30000000,0.027731432,0.02723122,-5.002118195,0.0276,0.027051005,-5.489946496,-2.327630908,2.228408456,0.947983623,0.008393475,-9.815864967,3.51%,-20,12/9/2022,-1.595084509,-1,11,12,0.42118835282568684,-1.0
231,12/12/2022,495700000,0.028056534,0.0274692,-5.87330816,0.0279,0.027285034,-6.149659315,3.251022448,2.262542195,0.891468771,-0.011587399,-6.564842518,2.35%,-20,12/12/2022,1.655937939,1,11,12,0.4345105673549494,-1.0
232,12/13/2022,365000000,0.028001787,0.02779925,-2.025411863,0.027907,0.027582509,-3.244909516,-0.547470846,2.201457068,0.995955437,0.001955128,-7.112313364,2.54%,-20,12/13/2022,1.108467093,1,11,12,0.47806240177403236,1.0
233,12/14/2022,86960000,0.028028755,0.02742592,-6.028349355,0.0279,0.027212724,-6.87276132,0.269685715,2.200758651,0.986781787,-0.000962175,-6.842627649,2.45%,-20,12/14/2022,1.378152808,1,11,12,0.48391201332479833,1.0
234,12/15/2022,66000000,0.027722328,0.02755553,-1.667959451,0.0276,0.027376819,-2.231806521,-3.064278095,2.236101566,1.001852137,0.011053466,-9.906905745,3.55%,-20,12/15/2022,-1.686125287,-1,11,12,0.5158579616473699,1.0
235,12/16/2022,106280000,0.027822445,0.02736972,-4.527224655,0.02771,0.027152018,-5.579819855,1.001173209,2.224553757,1.035250823,-0.003598437,-8.905732536,3.19%,-20,12/16/2022,-0.684952078,-1,11,12,0.46285216884639424,-1.0
236,12/19/2022,901940000,0.027684512,0.02721004,-4.744759105,0.02755,0.026986543,-5.634573699,-1.379333046,2.235252306,1.055106393,0.004982328,-10.28506558,3.69%,-20,12/19/2022,-2.064285124,-1,11,12,0.49115615781989386,-1.0
237,12/20/2022,70300000,0.027093438,0.02703123,-0.622059612,0.027,0.026845222,-1.547778378,-5.910740723,2.376112578,0.654225124,0.021816134,-16.19580631,5.87%,-20,12/20/2022,-7.975025847,-1,11,12,0.46213525598357563,-1.0
238,12/21/2022,210000000,0.027686224,0.02705482,-6.31408654,0.02755,0.026878131,-6.718687097,5.927867462,2.506665075,0.648302478,-0.021410892,-10.26793884,3.73%,-20,12/21/2022,-2.047158385,-1,11,12,0.47545747051262033,-1.0
239,12/22/2022,642280000,0.027539225,0.0268703,-6.689236102,0.0274,0.026668166,-7.318343713,-1.469990999,2.517675763,0.673021947,0.005337808,-11.73792984,4.26%,-20,12/22/2022,-3.517149384,-1,11,12,0.5190093049316522,-1.0
240,12/23/2022,132000000,0.027244031,0.02721517,-0.288574712,0.0271,0.027017078,-0.829219297,-2.951938217,2.547315708,0.65539618,0.010835174,-14.68986806,5.35%,-20,12/23/2022,-6.469087601,-1,11,12,0.5248589164823911,1.0
241,12/27/2022,150000000,0.027341554,0.02718158,-1.599728318,0.02722,0.027000069,-2.199314142,0.975229214,2.53083092,0.608692467,-0.003566839,-13.71463885,4.99%,-20,12/27/2022,-5.493858387,-1,12,12,0.5568048648050812,1.0
242,12/28/2022,1036000000,0.027309985,0.02723861,-0.713795702,0.0272,0.027031999,-1.680010273,-0.315697965,2.531399463,0.612180053,0.00115598,-14.03033681,5.11%,-20,12/28/2022,-5.809556352,-1,12,12,0.5037990720041474,-1.0
243,12/29/2022,182900000,0.027294979,0.02725273,-0.422493395,0.02715,0.027043968,-1.060324515,-0.150059399,2.530707082,0.608089113,0.000549769,-14.18039621,5.16%,-20,12/29/2022,-5.959615751,-1,12,12,0.5321030609775577,1.0
244,12/30/2022,121240000,0.027097693,0.02709219,-0.05504745,0.02695,0.026870774,-0.792263622,-1.972853108,2.548920937,0.630012571,0.00728052,-16.15324932,5.89%,-20,12/30/2022,-7.932468859,-1,12,12,0.5030821591411597,-1.0
